SIG_CD,Sido,SIG_KOR_NM,한국이름,center_lon,center_lat,solar_09_kst,solar_12_kst,solar_15_kst,solar_day_mean_09_12_15,n_cells,radius_m,method,status,nearest_row,nearest_col,nearest_dist_m,window_cells
51110,강원특별자치도,강원특별자치도 춘천시,춘천시,127.739868166,37.889796786,231.4326629638672,581.8377685546875,484.8513488769531,432.70726013183594,313,1000.0,centroid_radius_mean,ok,5851,3060,10.793354583647966,120
51130,강원특별자치도,강원특별자치도 원주시,원주시,127.929525057,37.308222876,249.828125,586.8760375976562,488.7624816894531,441.8222147623698,312,1000.0,centroid_radius_mean,ok,5206,3233,35.963715258956725,120
51150,강원특별자치도,강원특별자치도 강릉시,강릉시,128.832378153,37.709101668,260.5811767578125,547.7761840820312,428.5987243652344,412.3186950683594,311,1000.0,centroid_radius_mean,ok,5664,4022,32.8125015549961,120
51170,강원특별자치도,강원특별자치도 동해시,동해시,129.055626985,37.50671999,258.4656677246094,565.5048828125,445.48345947265625,423.1513366699219,309,1000.0,centroid_radius_mean,ok,5443,4223,19.797487808741526,120
51190,강원특별자치도,강원특별자치도 태백시,태백시,128.980072335,37.172312408,290.5226135253906,595.1017456054688,463.09521484375,449.5731913248698,312,1000.0,centroid_radius_mean,ok,5070,4165,44.9622994599499,120
51210,강원특별자치도,강원특별자치도 속초시,속초시,128.51948148,38.176007541,251.2330780029297,528.2161865234375,425.3641662597656,401.60447692871094,314,1000.0,centroid_radius_mean,ok,6177,3738,59.100118370320025,120
51230,강원특별자치도,강원특별자치도 삼척시,삼척시,129.121883086,37.277448677,246.6508026123047,564.9635009765625,435.49566650390625,415.7033233642578,317,1000.0,centroid_radius_mean,ok,5190,4287,55.17034703355896,120
51720,강원특별자치도,강원특별자치도 홍천군,홍천군,128.061413054,37.773366545,238.14437866210938,582.795654296875,477.4050598144531,432.7816975911458,314,1000.0,centroid_radius_mean,ok,5724,3344,62.62297473681856,120
51730,강원특별자치도,강원특별자치도 횡성군,횡성군,128.077067122,37.50914207,247.11949157714844,581.1488647460938,478.61590576171875,435.6280873616536,311,1000.0,centroid_radius_mean,ok,5431,3361,24.781076383613815,120
51750,강원특별자치도,강원특별자치도 영월군,영월군,128.500295757,37.204113613,246.51332092285156,586.0146484375,463.4120788574219,431.9800160725911,316,1000.0,centroid_radius_mean,ok,5097,3739,45.656227695905045,120
51760,강원특별자치도,강원특별자치도 평창군,평창군,128.482589711,37.556839208,245.45692443847656,588.5057373046875,469.52001953125,434.4942270914714,310,1000.0,centroid_radius_mean,ok,5489,3717,28.272825051091747,120
51770,강원특별자치도,강원특별자치도 정선군,정선군,128.739062886,37.378686291,248.23092651367188,580.3553466796875,450.2022399902344,426.26283772786456,313,1000.0,centroid_radius_mean,ok,5295,3947,10.821746384940008,120
51780,강원특별자치도,강원특별자치도 철원군,철원군,127.396933213,38.238206369,236.74575805664062,577.5411376953125,486.56573486328125,433.61754353841144,315,1000.0,centroid_radius_mean,ok,6236,2758,42.08577131103254,120
51790,강원특별자치도,강원특별자치도 화천군,화천군,127.685165431,38.138426285,232.6918182373047,573.292236328125,475.5310363769531,427.17169698079425,313,1000.0,centroid_radius_mean,ok,6127,3010,14.644249478989794,120
51800,강원특별자치도,강원특별자치도 양구군,양구군,128.00009509,38.175230768,250.18142700195312,584.61328125,479.2113037109375,438.0020039876302,315,1000.0,centroid_radius_mean,ok,6170,3285,36.975253801285305,120
51810,강원특별자치도,강원특별자치도 인제군,인제군,128.264726875,38.06460026,246.81686401367188,568.0872192382812,461.2898864746094,425.3979899088542,315,1000.0,centroid_radius_mean,ok,6050,3518,43.051226300638916,120
51820,강원특별자치도,강원특별자치도 고성군,고성군,128.411680395,38.361379473,255.52403259277344,542.0673217773438,440.7012634277344,412.7642059326172,312,1000.0,centroid_radius_mean,ok,6382,3641,21.840413766242296,120
51830,강원특별자치도,강원특별자치도 양양군,양양군,128.595094521,38.004508984,243.72091674804688,539.1328125,436.66217041015625,406.5052998860677,311,1000.0,centroid_radius_mean,ok,5988,3808,19.94147439965332,120
41110,경기도,경기도 수원시,수원시,127.0140437375,37.28174340525,242.74839782714844,585.8556518554688,514.4547729492188,447.686274210612,313,1000.0,centroid_radius_mean,ok,5173,2424,38.85635842139465,120
41111,경기도,경기도 수원시 장안구,수원시 장안구,127.003451706,37.313965699,245.890625,589.3319091796875,514.8590698242188,450.02720133463544,314,1000.0,centroid_radius_mean,ok,5208,2415,58.839770107096676,120
41113,경기도,경기도 수원시 권선구,수원시 권선구,126.979758331,37.260524759,243.4293670654297,588.4876098632812,517.2528686523438,449.72328186035156,313,1000.0,centroid_radius_mean,ok,5149,2394,35.98642286938753,120
41115,경기도,경기도 수원시 팔달구,수원시 팔달구,127.016237067,37.277464461,242.540771484375,585.624267578125,514.35986328125,447.50830078125,312,1000.0,centroid_radius_mean,ok,5168,2426,18.230302008232957,120
41117,경기도,경기도 수원시 영통구,수원시 영통구,127.056727846,37.275018702,244.0719757080078,586.2927856445312,512.584716796875,447.6498260498047,314,1000.0,centroid_radius_mean,ok,5165,2462,34.061264302593976,120
41130,경기도,경기도 성남시,성남시,127.124706117667,37.415967146333,248.0025634765625,586.5390625,507.3985595703125,447.3133951822917,317,1000.0,centroid_radius_mean,ok,5322,2522,48.33180956390911,120
41131,경기도,경기도 성남시 수정구,성남시 수정구,127.104144983,37.435166644,247.08013916015625,587.2822265625,513.3663940429688,449.242919921875,315,1000.0,centroid_radius_mean,ok,5343,2503,42.00112821934541,120
41133,경기도,경기도 성남시 중원구,성남시 중원구,127.163909636,37.433433231,243.7476348876953,583.0428466796875,501.3061218261719,442.69886779785156,313,1000.0,centroid_radius_mean,ok,5341,2556,33.77641485290113,120
41135,경기도,경기도 성남시 분당구,성남시 분당구,127.106063734,37.379301564,246.04637145996094,584.580322265625,510.2383728027344,446.95502217610675,312,1000.0,centroid_radius_mean,ok,5281,2505,19.18017616499632,120
41150,경기도,경기도 의정부시,의정부시,127.068422804,37.736192108,241.24859619140625,580.8511352539062,499.61932373046875,440.57301839192706,313,1000.0,centroid_radius_mean,ok,5678,2471,63.76237979965535,120
41170,경기도,경기도 안양시,안양시,126.933442794,37.4022531615,242.88836669921875,584.7806396484375,514.4330444335938,447.3673502604167,315,1000.0,centroid_radius_mean,ok,5307,2353,55.24747716805531,120
41171,경기도,경기도 안양시 만안구,안양시 만안구,126.911382955,37.404116263,240.8760528564453,585.954345703125,519.9834594726562,448.9379526774089,317,1000.0,centroid_radius_mean,ok,5309,2333,49.25103565009277,120
41173,경기도,경기도 안양시 동안구,안양시 동안구,126.955502633,37.40039006,246.83892822265625,584.8707275390625,513.723876953125,448.47784423828125,316,1000.0,centroid_radius_mean,ok,5304,2372,48.85950156979351,120
41190,경기도,경기도 부천시,부천시,126.784283558667,37.502172906333,237.40960693359375,586.5294799804688,523.47705078125,449.1387125651042,316,1000.0,centroid_radius_mean,ok,5418,2221,43.719987471189015,120
41192,경기도,경기도 부천시 원미구,부천시 원미구,126.778950218,37.499799092,237.5521240234375,586.7605590820312,524.03955078125,449.45074462890625,313,1000.0,centroid_radius_mean,ok,5415,2217,40.46305990496113,120
41194,경기도,경기도 부천시 소사구,부천시 소사구,126.796803896,37.474937497,237.90724182128906,586.4680786132812,522.739013671875,449.0381113688151,315,1000.0,centroid_radius_mean,ok,5387,2232,50.63225245574039,120
41196,경기도,경기도 부천시 오정구,부천시 오정구,126.777096562,37.53178213,238.31643676757812,588.2271728515625,525.8466186523438,450.79674275716144,313,1000.0,centroid_radius_mean,ok,5451,2215,39.91041900534258,120
41210,경기도,경기도 광명시,광명시,126.864694047,37.44516912,230.74639892578125,582.8192138671875,517.0117797851562,443.5257975260417,313,1000.0,centroid_radius_mean,ok,5354,2292,26.96219043337307,120
41220,경기도,경기도 평택시,평택시,126.987663606,37.011824784,240.00035095214844,589.5068359375,517.9907836914062,449.1659901936849,316,1000.0,centroid_radius_mean,ok,4873,2401,42.41281213405187,120
41250,경기도,경기도 동두천시,동두천시,127.077912454,37.916537607,236.12611389160156,574.1260986328125,491.5794372558594,433.9438832600911,310,1000.0,centroid_radius_mean,ok,5878,2480,38.7463916238148,120
41270,경기도,경기도 안산시,안산시,126.8271649245,37.316871025,239.09686279296875,591.3243408203125,526.190673828125,452.20395914713544,316,1000.0,centroid_radius_mean,ok,5212,2259,34.340175928913474,120
41271,경기도,경기도 안산시 상록구,안산시 상록구,126.870815035,37.316003829,238.0636444091797,588.0698852539062,522.2266235351562,449.45338439941406,315,1000.0,centroid_radius_mean,ok,5211,2297,47.15147632415581,120
41273,경기도,경기도 안산시 단원구,안산시 단원구,126.783514814,37.317738221,239.0279083251953,594.5047607421875,529.1253051757812,454.2193247477214,316,1000.0,centroid_radius_mean,ok,5213,2220,33.85266944173852,120
41280,경기도,경기도 고양시,고양시,126.810489587667,37.678703653667,235.22544860839844,574.5211181640625,511.02398681640625,440.25685119628906,314,1000.0,centroid_radius_mean,ok,5614,2245,33.6763498064634,120
41281,경기도,경기도 고양시 덕양구,고양시 덕양구,126.878631823,37.655809868,237.1077880859375,576.02978515625,510.4044494628906,441.18067423502606,315,1000.0,centroid_radius_mean,ok,5588,2305,44.38133938458716,120
41285,경기도,경기도 고양시 일산동구,고양시 일산동구,126.824979113,37.699974485,234.6312255859375,573.1052856445312,506.2546691894531,437.99706013997394,314,1000.0,centroid_radius_mean,ok,5637,2258,62.37885980295194,120
41287,경기도,경기도 고양시 일산서구,고양시 일산서구,126.727857827,37.680326608,234.291748046875,581.1450805664062,514.45166015625,443.29616292317706,311,1000.0,centroid_radius_mean,ok,5616,2172,26.028971039327935,120
41290,경기도,경기도 과천시,과천시,127.002679189,37.433845284,252.45521545410156,596.8170166015625,522.1611328125,457.1444549560547,315,1000.0,centroid_radius_mean,ok,5342,2414,41.82993383255294,120
41310,경기도,경기도 구리시,구리시,127.131231176,37.599218863,241.6615447998047,583.07373046875,503.3113098144531,442.68219502766925,313,1000.0,centroid_radius_mean,ok,5525,2527,47.90567159062262,120
41360,경기도,경기도 남양주시,남양주시,127.243660645,37.662529813,240.0678253173828,576.3848266601562,494.2998352050781,436.91749572753906,311,1000.0,centroid_radius_mean,ok,5596,2626,28.699723577469708,120
41370,경기도,경기도 오산시,오산시,127.051329389,37.163290679,243.8385009765625,589.8380126953125,516.86279296875,450.1797688802083,310,1000.0,centroid_radius_mean,ok,5041,2457,3.542254337767356,120
41390,경기도,경기도 시흥시,시흥시,126.754925648,37.366916473,235.07020568847656,588.5313720703125,527.3322143554688,450.31126403808594,314,1000.0,centroid_radius_mean,ok,5267,2195,47.11749628326678,120
41410,경기도,경기도 군포시,군포시,126.921112298,37.343472325,241.35202026367188,588.7482299804688,525.0299682617188,451.71007283528644,312,1000.0,centroid_radius_mean,ok,5241,2342,25.654416960964248,120
41430,경기도,경기도 의왕시,의왕시,126.989625456,37.362387749,240.3781280517578,587.0244750976562,515.0791015625,447.493901570638,315,1000.0,centroid_radius_mean,ok,5262,2402,40.68323936306704,120
41450,경기도,경기도 하남시,하남시,127.205943566,37.522814569,235.3478240966797,576.1276245117188,498.4555969238281,436.6436818440755,311,1000.0,centroid_radius_mean,ok,5441,2593,28.769885502325742,120
41460,경기도,경기도 용인시,용인시,127.148608356333,37.268070301667,242.62205505371094,584.6055908203125,505.4562072753906,444.2279510498047,313,1000.0,centroid_radius_mean,ok,5158,2543,43.90810271126291,120
41461,경기도,경기도 용인시 처인구,용인시 처인구,127.25293315,37.203331894,239.02745056152344,584.8865356445312,504.4294738769531,442.7811533610026,315,1000.0,centroid_radius_mean,ok,5086,2635,44.56444761613653,120
41463,경기도,경기도 용인시 기흥구,용인시 기흥구,127.121340846,37.267431583,244.69886779785156,586.1792602539062,507.9775695800781,446.2852325439453,312,1000.0,centroid_radius_mean,ok,5157,2519,24.248774622004863,120
41465,경기도,경기도 용인시 수지구,용인시 수지구,127.071551073,37.333447428,250.5487060546875,590.8983764648438,514.3665771484375,451.93788655598956,312,1000.0,centroid_radius_mean,ok,5230,2475,29.289732174772748,120
41480,경기도,경기도 파주시,파주시,126.809355984,37.855538766,232.76499938964844,574.2539672851562,506.2208557128906,437.7466074625651,311,1000.0,centroid_radius_mean,ok,5810,2244,29.245006312806325,120
41500,경기도,경기도 이천시,이천시,127.481014842,37.209784868,239.78463745117188,589.5984497070312,506.3079528808594,445.2303466796875,313,1000.0,centroid_radius_mean,ok,5094,2837,24.450414900020316,120
41550,경기도,경기도 안성시,안성시,127.302722014,37.035027053,245.42459106445312,588.6185302734375,509.3365783691406,447.79323323567706,310,1000.0,centroid_radius_mean,ok,4899,2680,15.155943999850713,120
41570,경기도,경기도 김포시,김포시,126.62646782,37.681809628,232.96800231933594,581.1067504882812,517.3214111328125,443.79872131347656,312,1000.0,centroid_radius_mean,ok,5618,2083,33.16652671836926,120
41590,경기도,경기도 화성시,화성시,126.97253050575,37.1846311455,243.90110778808594,592.0956420898438,522.8159790039062,452.9375762939453,316,1000.0,centroid_radius_mean,ok,5065,2387,40.40940469899227,120
41591,경기도,경기도 화성시 만세구,화성시 만세구,126.824798609,37.125053912,240.582275390625,594.9850463867188,529.7029418945312,455.090087890625,318,1000.0,centroid_radius_mean,ok,4999,2256,54.650619346517864,120
41593,경기도,경기도 화성시 효행구,화성시 효행구,126.930336882,37.210954631,239.70452880859375,588.7260131835938,516.9833984375,448.4713134765625,313,1000.0,centroid_radius_mean,ok,5094,2350,8.387356962051609,120
41595,경기도,경기도 화성시 병점구,화성시 병점구,127.026623001,37.213847001,242.38568115234375,586.467041015625,515.3560791015625,448.06960042317706,311,1000.0,centroid_radius_mean,ok,5097,2435,22.020641996869365,120
41597,경기도,경기도 화성시 동탄구,화성시 동탄구,127.108363531,37.188669038,243.3343048095703,585.4955444335938,511.333984375,446.7212778727214,315,1000.0,centroid_radius_mean,ok,5069,2507,58.2500747547317,120
41610,경기도,경기도 광주시,광주시,127.301175674,37.403090741,237.43968200683594,582.4949951171875,498.4541320800781,439.4629364013672,312,1000.0,centroid_radius_mean,ok,5308,2677,33.15911768575972,120
41630,경기도,경기도 양주시,양주시,127.001134626,37.808657557,237.84266662597656,579.9595336914062,500.2163391113281,439.3395131429036,312,1000.0,centroid_radius_mean,ok,5758,2412,34.72605337576091,120
41650,경기도,경기도 포천시,포천시,127.250337003,37.96977801,237.78567504882812,576.200927734375,492.3721008300781,435.45290120442706,314,1000.0,centroid_radius_mean,ok,5937,2631,61.551221268098026,120
41670,경기도,경기도 여주시,여주시,127.615737345,37.302458419,239.5563507080078,584.0241088867188,497.5220031738281,440.36748758951825,316,1000.0,centroid_radius_mean,ok,5198,2956,48.99070749742372,120
41800,경기도,경기도 연천군,연천군,127.093229193,38.112797086,212.12783813476562,568.4137573242188,490.7445373535156,423.7620442708333,311,1000.0,centroid_radius_mean,ok,6096,2493,27.19029542773566,120
41820,경기도,경기도 가평군,가평군,127.450191853,37.818433171,240.34788513183594,581.7776489257812,495.8210144042969,439.3155161539714,312,1000.0,centroid_radius_mean,ok,5770,2806,50.628542382814786,120
41830,경기도,경기도 양평군,양평군,127.579264183,37.518055848,249.50450134277344,574.4881591796875,493.81842041015625,439.2703603108724,312,1000.0,centroid_radius_mean,ok,5437,2922,9.21635745864393,120
48120,경상남도,경상남도 창원시,창원시,128.6199729504,35.2084964922,266.39410400390625,608.8927001953125,492.3725280761719,455.8864440917969,311,1000.0,centroid_radius_mean,ok,2882,3884,19.700541369727695,120
48121,경상남도,경상남도 창원시 의창구,창원시 의창구,128.64904221,35.311614198,277.225830078125,613.27783203125,493.79498291015625,461.43288167317706,316,1000.0,centroid_radius_mean,ok,2997,3908,51.11928259705692,120
48123,경상남도,경상남도 창원시 성산구,창원시 성산구,128.670562158,35.212994954,281.4924621582031,615.8929443359375,498.8166809082031,465.40069580078125,311,1000.0,centroid_radius_mean,ok,2888,3930,2.7426357440048723,120
48125,경상남도,경상남도 창원시 마산합포구,창원시 마산합포구,128.492764324,35.143922788,262.8790283203125,598.801513671875,489.5790710449219,450.4198710123698,315,1000.0,centroid_radius_mean,ok,2808,3770,54.971848120876125,120
48127,경상남도,경상남도 창원시 마산회원구,창원시 마산회원구,128.55049587,35.243212164,262.8105773925781,616.1386108398438,500.8436584472656,459.9309488932292,317,1000.0,centroid_radius_mean,ok,2920,3820,51.379291661080515,120
48129,경상남도,경상남도 창원시 진해구,창원시 진해구,128.73700019,35.130738357,268.91937255859375,594.03173828125,487.4525146484375,450.13454182942706,311,1000.0,centroid_radius_mean,ok,2798,3992,29.68638032649686,120
48170,경상남도,경상남도 진주시,진주시,128.129800853,35.205157645,269.6608581542969,621.300537109375,507.2456970214844,466.06903076171875,313,1000.0,centroid_radius_mean,ok,2872,3439,24.979041646464925,120
48220,경상남도,경상남도 통영시,통영시,128.395246255,34.900561049,271.3676452636719,611.420654296875,510.49365234375,464.4273173014323,315,1000.0,centroid_radius_mean,ok,2537,3685,33.71940354411174,120
48240,경상남도,경상남도 사천시,사천시,128.107620365,35.013754159,253.8741455078125,616.33984375,508.8848571777344,459.6996154785156,312,1000.0,centroid_radius_mean,ok,2659,3421,29.978955458738806,120
48250,경상남도,경상남도 김해시,김해시,128.771762292,35.255132014,281.76708984375,612.495849609375,493.2431335449219,462.5020243326823,314,1000.0,centroid_radius_mean,ok,2937,4021,49.94239114381794,120
48270,경상남도,경상남도 밀양시,밀양시,128.796506645,35.468965586,266.30712890625,604.3623657226562,483.38861083984375,451.3527018229167,317,1000.0,centroid_radius_mean,ok,3174,4039,50.18955637577126,120
48310,경상남도,경상남도 거제시,거제시,128.625073252,34.866735846,272.4244079589844,613.5931396484375,515.3497924804688,467.12244669596356,314,1000.0,centroid_radius_mean,ok,2503,3895,63.608433972937355,120
48330,경상남도,경상남도 양산시,양산시,129.041041164,35.401888209,296.7673034667969,601.5853271484375,491.7841796875,463.3789367675781,315,1000.0,centroid_radius_mean,ok,3105,4262,45.021983003532064,120
48720,경상남도,경상남도 의령군,의령군,128.277057797,35.392431015,265.3978271484375,614.780029296875,497.8546447753906,459.3441670735677,314,1000.0,centroid_radius_mean,ok,3082,3570,47.47605365338872,120
48730,경상남도,경상남도 함안군,함안군,128.43087689,35.291002806,263.16583251953125,615.3360595703125,500.4206237792969,459.6408386230469,313,1000.0,centroid_radius_mean,ok,2971,3711,9.94006004775167,120
48740,경상남도,경상남도 창녕군,창녕군,128.493051648,35.508227729,272.03411865234375,616.5763549804688,499.5207824707031,462.7104187011719,316,1000.0,centroid_radius_mean,ok,3213,3763,47.997463381422605,120
48820,경상남도,경상남도 고성군,고성군,128.290815365,35.016564272,274.6404113769531,613.0618896484375,511.531005859375,466.4111022949219,313,1000.0,centroid_radius_mean,ok,2664,3588,22.454752846302764,120
48840,경상남도,경상남도 남해군,남해군,127.871712411,34.834874855,262.3253173828125,614.4591064453125,521.00732421875,465.9305826822917,316,1000.0,centroid_radius_mean,ok,2458,3208,34.87547493621519,120
48850,경상남도,경상남도 하동군,하동군,127.779041959,35.138180716,273.9490661621094,614.0452270507812,506.4178161621094,464.8040364583333,311,1000.0,centroid_radius_mean,ok,2794,3121,21.46002325689943,120
48860,경상남도,경상남도 산청군,산청군,127.884337642,35.36859736,240.62855529785156,607.7417602539062,484.0250549316406,444.1317901611328,312,1000.0,centroid_radius_mean,ok,3051,3214,8.813838434795176,120
48870,경상남도,경상남도 함양군,함양군,127.722040779,35.551601705,256.1155700683594,602.7996826171875,501.3536376953125,453.42296346028644,311,1000.0,centroid_radius_mean,ok,3253,3065,25.579571328829008,120
48880,경상남도,경상남도 거창군,거창군,127.904169273,35.732552192,270.8349304199219,612.1723022460938,504.6022033691406,462.53647867838544,312,1000.0,centroid_radius_mean,ok,3455,3228,47.578857905361524,120
48890,경상남도,경상남도 합천군,합천군,128.141543426,35.576577454,262.25341796875,606.3280639648438,500.0840759277344,456.2218526204427,317,1000.0,centroid_radius_mean,ok,3285,3444,54.736923142115906,120
47110,경상북도,경상북도 포항시,포항시,129.330854253,36.052507907,288.582275390625,601.2651977539062,488.84454345703125,459.5640055338542,315,1000.0,centroid_radius_mean,ok,3833,4506,53.793321781733155,120
47111,경상북도,경상북도 포항시 남구,포항시 남구,129.427659023,35.93996165,274.17218017578125,590.7854614257812,483.50982666015625,449.48915608723956,315,1000.0,centroid_radius_mean,ok,3711,4597,57.0927882030479,120
47113,경상북도,경상북도 포항시 북구,포항시 북구,129.234049483,36.165054164,265.3739013671875,592.280029296875,480.9009094238281,446.18494669596356,316,1000.0,centroid_radius_mean,ok,3956,4416,45.53362280018544,120
47130,경상북도,경상북도 경주시,경주시,129.235928977,35.826642931,283.0787048339844,601.97021484375,483.0054626464844,456.01812744140625,314,1000.0,centroid_radius_mean,ok,3580,4427,45.459777290143705,120
47150,경상북도,경상북도 김천시,김천시,128.077707272,36.060423858,263.7521667480469,603.9047241210938,502.51861572265625,456.7251688639323,314,1000.0,centroid_radius_mean,ok,3821,3380,54.544465921433144,120
47170,경상북도,경상북도 안동시,안동시,128.780042406,36.580242205,259.2096862792969,600.2041015625,493.53607177734375,450.98328653971356,314,1000.0,centroid_radius_mean,ok,4409,4000,32.41244507877261,120
47190,경상북도,경상북도 구미시,구미시,128.355555202,36.20730964,254.85458374023438,597.6387939453125,499.8271789550781,450.7735188802083,313,1000.0,centroid_radius_mean,ok,3988,3628,47.196879987898065,120
47210,경상북도,경상북도 영주시,영주시,128.59768227,36.870475417,266.3569641113281,597.8641357421875,483.6175537109375,449.27955118815106,311,1000.0,centroid_radius_mean,ok,4728,3832,21.453729298772217,120
47230,경상북도,경상북도 영천시,영천시,128.942623738,36.015778438,278.8240966796875,604.8638305664062,489.9069519042969,457.8649597167969,317,1000.0,centroid_radius_mean,ok,3785,4158,57.28154181579104,120
47250,경상북도,경상북도 상주시,상주시,128.067006745,36.42950234,241.09231567382812,592.3978271484375,503.08001708984375,445.5233866373698,312,1000.0,centroid_radius_mean,ok,4231,3366,41.08250766989866,120
47280,경상북도,경상북도 문경시,문경시,128.148607897,36.690791513,244.6702423095703,599.4686279296875,494.9300842285156,446.3563181559245,316,1000.0,centroid_radius_mean,ok,4523,3435,47.83777027928136,120
47290,경상북도,경상북도 경산시,경산시,128.809054872,35.834060068,271.2859191894531,610.0509643554688,494.2744445800781,458.537109375,317,1000.0,centroid_radius_mean,ok,3580,4042,40.39828232404069,120
47730,경상북도,경상북도 의성군,의성군,128.746189769,36.342149937,254.4405975341797,592.274169921875,485.39593505859375,444.0369008382161,312,1000.0,centroid_radius_mean,ok,4144,3975,36.393401785971264,120
47750,경상북도,경상북도 청송군,청송군,129.057384902,36.356976427,276.15673828125,596.8827514648438,483.8586730957031,452.2993876139323,311,1000.0,centroid_radius_mean,ok,4166,4253,19.937983208684866,120
47760,경상북도,경상북도 영양군,영양군,129.145030791,36.696379191,267.2018737792969,596.0939331054688,476.2307434082031,446.50885009765625,315,1000.0,centroid_radius_mean,ok,4545,4323,40.83896006102032,120
47770,경상북도,경상북도 영덕군,영덕군,129.317375124,36.482387456,275.79608154296875,592.7435913085938,484.47259521484375,451.00408935546875,316,1000.0,centroid_radius_mean,ok,4311,4482,44.67225597326173,120
47820,경상북도,경상북도 청도군,청도군,128.786762666,35.654379069,242.0598907470703,606.1796875,477.997802734375,442.0791269938151,311,1000.0,centroid_radius_mean,ok,3380,4026,29.005841133649223,120
47830,경상북도,경상북도 고령군,고령군,128.306449581,35.736997578,259.916015625,611.8809204101562,495.0077209472656,455.60155232747394,312,1000.0,centroid_radius_mean,ok,3465,3591,21.537697460903914,120
47840,경상북도,경상북도 성주군,성주군,128.233392803,35.907223421,263.721923828125,608.9966430664062,502.7134094238281,458.4773254394531,310,1000.0,centroid_radius_mean,ok,3653,3522,46.2178467846749,120
47850,경상북도,경상북도 칠곡군,칠곡군,128.462583548,36.01551131,249.88168334960938,595.6925048828125,491.9658508300781,445.8466796875,313,1000.0,centroid_radius_mean,ok,3776,3727,36.249188605395105,120
47900,경상북도,경상북도 예천군,예천군,128.43583262,36.678787269,258.8277893066406,596.8296508789062,496.32763671875,450.6616923014323,315,1000.0,centroid_radius_mean,ok,4513,3691,37.30644965889763,120
47920,경상북도,경상북도 봉화군,봉화군,128.912979265,36.934162159,284.8041076660156,603.0762939453125,477.352783203125,455.0777282714844,315,1000.0,centroid_radius_mean,ok,4804,4111,43.478182647908454,120
47930,경상북도,경상북도 울진군,울진군,129.312349059,36.903897572,263.2634582519531,575.4876708984375,448.0497741699219,428.9336344401042,311,1000.0,centroid_radius_mean,ok,4779,4466,29.878214196949727,120
47940,경상북도,경상북도 울릉군,울릉군,130.861095819,37.502377819,256.28466796875,541.30224609375,430.1266174316406,409.2378438313802,311,1000.0,centroid_radius_mean,ok,5489,5814,26.677811086566354,120
29110,광주광역시,광주광역시 동구,동구,126.949464279,35.11738023,235.70751953125,590.8775024414062,506.003173828125,444.19606526692706,315,1000.0,centroid_radius_mean,ok,2768,2366,41.697347447519036,120
29140,광주광역시,광주광역시 서구,서구,126.85071914,35.135693108,240.82748413085938,597.1871948242188,519.684326171875,452.5663350423177,317,1000.0,centroid_radius_mean,ok,2788,2277,48.70324558695564,120
29155,광주광역시,광주광역시 남구,남구,126.856718099,35.094058245,241.2788543701172,596.9942016601562,520.29541015625,452.8561553955078,313,1000.0,centroid_radius_mean,ok,2742,2282,11.798801959800274,120
29170,광주광역시,광주광역시 북구,북구,126.925486478,35.193246107,244.91668701171875,595.2281494140625,509.0653381347656,449.7367248535156,313,1000.0,centroid_radius_mean,ok,2852,2345,44.59323273550366,120
29200,광주광역시,광주광역시 광산구,광산구,126.752894938,35.165035014,224.90374755859375,594.4081420898438,522.083984375,447.1319580078125,312,1000.0,centroid_radius_mean,ok,2821,2188,37.686843651565475,120
27110,대구광역시,대구광역시 중구,중구,128.593605552,35.866535286,272.3409423828125,617.5455932617188,501.1033020019531,463.6632792154948,316,1000.0,centroid_radius_mean,ok,3613,3848,51.57494711640927,120
27140,대구광역시,대구광역시 동구,동구,128.685659642,35.934426326,267.52587890625,601.2521362304688,488.6491394042969,452.47571818033856,312,1000.0,centroid_radius_mean,ok,3690,3929,32.04532410635545,120
27170,대구광역시,대구광역시 서구,서구,128.549697323,35.87500167,272.12713623046875,613.8792114257812,496.94512939453125,460.98382568359375,316,1000.0,centroid_radius_mean,ok,3622,3808,50.99908800368322,120
27200,대구광역시,대구광역시 남구,남구,128.58532935,35.835177156,263.03704833984375,617.2692260742188,501.1116027832031,460.4726257324219,315,1000.0,centroid_radius_mean,ok,3578,3841,38.22857788658853,120
27230,대구광역시,대구광역시 북구,북구,128.577399401,35.928796627,264.49774169921875,604.3362426757812,491.0650329589844,453.29967244466144,316,1000.0,centroid_radius_mean,ok,3682,3832,38.66376360522136,120
27260,대구광역시,대구광역시 수성구,수성구,128.661274135,35.833848859,269.6238098144531,617.6504516601562,503.9057922363281,463.7266845703125,317,1000.0,centroid_radius_mean,ok,3578,3909,46.94676750067037,120
27290,대구광역시,대구광역시 달서구,달서구,128.529211863,35.827483096,266.8902282714844,613.580322265625,499.14556884765625,459.8720397949219,316,1000.0,centroid_radius_mean,ok,3568,3790,48.255890736089036,120
27710,대구광역시,대구광역시 달성군,달성군,128.509346765,35.732338249,239.81504821777344,612.3833618164062,490.8066711425781,447.6683603922526,313,1000.0,centroid_radius_mean,ok,3462,3774,42.71580510195696,120
27720,대구광역시,대구광역시 군위군,군위군,128.648224324,36.170112083,254.67733764648438,596.1265258789062,486.69110107421875,445.83165486653644,313,1000.0,centroid_radius_mean,ok,3951,3891,31.400434931824943,120
30110,대전광역시,대전광역시 동구,동구,127.475037427,36.323920235,235.2823944091797,590.2990112304688,502.7369384765625,442.7727813720703,316,1000.0,centroid_radius_mean,ok,4110,2837,47.92351726464492,120
30140,대전광역시,대전광역시 중구,중구,127.411057309,36.280860154,242.22503662109375,595.6666259765625,508.2603759765625,448.71734619140625,316,1000.0,centroid_radius_mean,ok,4061,2780,46.55363712828914,120
30170,대전광역시,대전광역시 서구,서구,127.345104125,36.280239624,241.35897827148438,593.6566162109375,510.5597839355469,448.52512613932294,316,1000.0,centroid_radius_mean,ok,4060,2721,50.20118473364678,120
30200,대전광역시,대전광역시 유성구,유성구,127.333128684,36.376611787,248.98263549804688,598.622314453125,513.485595703125,453.6968485514323,314,1000.0,centroid_radius_mean,ok,4168,2710,47.19277629008336,120
30230,대전광역시,대전광역시 대덕구,대덕구,127.440151809,36.412178685,234.43191528320312,587.9534301757812,503.3558654785156,441.9137369791667,316,1000.0,centroid_radius_mean,ok,4207,2806,68.42549861631352,120
26110,부산광역시,부산광역시 중구,중구,129.03231145,35.105636352,299.64434814453125,625.8560180664062,513.2657470703125,479.5887044270833,315,1000.0,centroid_radius_mean,ok,2775,4261,37.19678871313924,120
26140,부산광역시,부산광역시 서구,서구,129.014910076,35.103046017,291.30084228515625,625.2392578125,513.4356079101562,476.6585693359375,314,1000.0,centroid_radius_mean,ok,2772,4245,46.44286419318229,120
26170,부산광역시,부산광역시 동구,동구,129.044721113,35.128483537,290.5663757324219,618.6932983398438,512.53662109375,473.9320983886719,312,1000.0,centroid_radius_mean,ok,2801,4272,8.36936033153511,120
26200,부산광역시,부산광역시 영도구,영도구,129.064773858,35.078667322,298.9195861816406,634.034423828125,527.1935424804688,486.7158508300781,310,1000.0,centroid_radius_mean,ok,2746,4291,40.32696423026706,120
26230,부산광역시,부산광역시 부산진구,부산진구,129.043060341,35.165244113,297.279052734375,616.6942749023438,508.28521728515625,474.086181640625,315,1000.0,centroid_radius_mean,ok,2842,4270,52.83886374887546,120
26260,부산광역시,부산광역시 동래구,동래구,129.079219809,35.206212441,299.6790466308594,614.8431396484375,505.4756774902344,473.33262125651044,313,1000.0,centroid_radius_mean,ok,2888,4301,35.9312267309515,120
26290,부산광역시,부산광역시 남구,남구,129.094297607,35.12542498,292.1416931152344,619.840576171875,508.577880859375,473.5200500488281,317,1000.0,centroid_radius_mean,ok,2799,4317,46.979322510290075,120
26320,부산광역시,부산광역시 북구,북구,129.023463256,35.229247892,269.27337646484375,604.2775268554688,491.2645263671875,454.9384765625,316,1000.0,centroid_radius_mean,ok,2912,4250,46.18278568374553,120
26350,부산광역시,부산광역시 해운대구,해운대구,129.15359042,35.193856162,281.15289306640625,615.5458374023438,499.35009765625,465.349609375,315,1000.0,centroid_radius_mean,ok,2876,4369,32.93410933132359,120
26380,부산광역시,부산광역시 사하구,사하구,128.974492377,35.089929888,286.0741271972656,620.8137817382812,507.7564392089844,471.54811604817706,313,1000.0,centroid_radius_mean,ok,2757,4209,29.025484027271492,120
26410,부산광역시,부산광역시 금정구,금정구,129.091528744,35.258893745,300.1578369140625,596.9542236328125,495.2945861816406,464.1355489095052,316,1000.0,centroid_radius_mean,ok,2947,4311,34.073401939666645,120
26440,부산광역시,부산광역시 강서구,강서구,128.902772862,35.154759618,290.3483581542969,618.7267456054688,506.1629638671875,471.7460225423177,316,1000.0,centroid_radius_mean,ok,2827,4142,43.71264092083242,120
26470,부산광역시,부산광역시 연제구,연제구,129.082935268,35.182417984,295.6450500488281,612.5895385742188,500.6848449707031,469.6398111979167,317,1000.0,centroid_radius_mean,ok,2862,4305,51.01659346832019,120
26500,부산광역시,부산광역시 수영구,수영구,129.111201718,35.161307534,290.5727233886719,616.9356079101562,503.7035827636719,470.4039713541667,316,1000.0,centroid_radius_mean,ok,2839,4332,51.13511931668534,120
26530,부산광역시,부산광역시 사상구,사상구,128.986592374,35.158030968,285.5078125,613.4804077148438,504.04150390625,467.67657470703125,317,1000.0,centroid_radius_mean,ok,2833,4218,55.047390007923056,120
26710,부산광역시,부산광역시 기장군,기장군,129.200955357,35.298013443,287.7906188964844,598.2857666015625,486.0457763671875,457.3740539550781,316,1000.0,centroid_radius_mean,ok,2992,4410,67.48038024203072,120
11110,서울특별시,서울특별시 종로구,종로구,126.986259248,37.580893631,243.55294799804688,585.361328125,512.1970825195312,447.03711954752606,309,1000.0,centroid_radius_mean,ok,5505,2399,34.26929019674401,120
11140,서울특별시,서울특별시 중구,중구,126.995967862,37.560143564,242.13882446289062,589.7870483398438,513.134033203125,448.3533020019531,313,1000.0,centroid_radius_mean,ok,5482,2408,13.130316888359578,120
11170,서울특별시,서울특별시 용산구,용산구,126.979906988,37.531384965,240.98507690429688,586.9083862304688,512.7838745117188,446.89244588216144,311,1000.0,centroid_radius_mean,ok,5450,2394,26.013249806627908,120
11200,서울특별시,서울특별시 성동구,성동구,127.041058256,37.551029688,242.09426879882812,588.73828125,511.0432434082031,447.29193115234375,315,1000.0,centroid_radius_mean,ok,5472,2448,40.58419958663293,120
11215,서울특별시,서울특별시 광진구,광진구,127.085744098,37.546720237,242.9509735107422,588.940673828125,507.5114440917969,446.4676971435547,313,1000.0,centroid_radius_mean,ok,5467,2487,9.146342362662908,120
11230,서울특별시,서울특별시 동대문구,동대문구,127.05484785,37.581956547,242.32598876953125,589.5731201171875,513.5025634765625,448.46722412109375,315,1000.0,centroid_radius_mean,ok,5506,2460,33.559628966410166,120
11260,서울특별시,서울특별시 중랑구,중랑구,127.092883177,37.597817379,240.6034393310547,586.3093872070312,505.97235107421875,444.29505920410156,312,1000.0,centroid_radius_mean,ok,5524,2493,22.017008954413626,120
11290,서울특별시,서울특별시 성북구,성북구,127.023375735,37.595113441,243.4180145263672,587.7250366210938,516.8712158203125,449.3380889892578,308,1000.0,centroid_radius_mean,ok,5521,2432,18.924957001469885,120
11305,서울특별시,서울특별시 강북구,강북구,127.014756733,37.632173233,252.41616821289062,591.1326293945312,519.9266357421875,454.49181111653644,311,1000.0,centroid_radius_mean,ok,5562,2424,39.146102614841936,120
11320,서울특별시,서울특별시 도봉구,도봉구,127.032368819,37.669102085,249.17250061035156,583.7522583007812,513.00732421875,448.64402770996094,312,1000.0,centroid_radius_mean,ok,5603,2440,15.232284138090336,120
11350,서울특별시,서울특별시 노원구,노원구,127.075036866,37.652510323,239.59828186035156,578.7703857421875,498.5614013671875,438.9766896565755,317,1000.0,centroid_radius_mean,ok,5585,2477,55.43062848021085,120
11380,서울특별시,서울특별시 은평구,은평구,126.927022599,37.619211281,232.80758666992188,580.4469604492188,514.7642211914062,442.6729227701823,316,1000.0,centroid_radius_mean,ok,5548,2347,46.12069228985895,120
11410,서울특별시,서울특별시 서대문구,서대문구,126.939062887,37.577785697,235.41470336914062,584.7830200195312,512.6466674804688,444.2814636230469,316,1000.0,centroid_radius_mean,ok,5502,2358,50.25038258213467,120
11440,서울특별시,서울특별시 마포구,마포구,126.908269821,37.559313882,240.30653381347656,585.1064453125,516.3756103515625,447.2628631591797,312,1000.0,centroid_radius_mean,ok,5481,2331,36.00939437520383,120
11470,서울특별시,서울특별시 양천구,양천구,126.856281538,37.519096479,239.55734252929688,585.8875732421875,519.9769897460938,448.4739685058594,315,1000.0,centroid_radius_mean,ok,5436,2285,43.863001256093845,120
11500,서울특별시,서울특별시 강서구,강서구,126.822511815,37.565932423,236.82122802734375,582.582763671875,520.3187255859375,446.57423909505206,315,1000.0,centroid_radius_mean,ok,5488,2255,48.66373497910789,120
11530,서울특별시,서울특별시 구로구,구로구,126.858045733,37.498047643,239.8406982421875,587.6050415039062,520.5311279296875,449.32562255859375,310,1000.0,centroid_radius_mean,ok,5413,2286,32.15627382300888,120
11545,서울특별시,서울특별시 금천구,금천구,126.900819966,37.460567564,239.650146484375,586.6649780273438,515.4183349609375,447.24448649088544,311,1000.0,centroid_radius_mean,ok,5371,2324,32.26819071104968,120
11560,서울특별시,서울특별시 영등포구,영등포구,126.91016926,37.522308681,240.19357299804688,586.0704345703125,516.2229614257812,447.4956563313802,311,1000.0,centroid_radius_mean,ok,5440,2332,31.78151484965557,120
11590,서울특별시,서울특별시 동작구,동작구,126.944196974,37.504643286,240.77699279785156,587.5969848632812,513.9885864257812,447.4541880289714,317,1000.0,centroid_radius_mean,ok,5420,2362,39.445263062443395,120
11620,서울특별시,서울특별시 관악구,관악구,126.945336876,37.46737569,238.2871551513672,585.8684692382812,512.697998046875,445.6178741455078,312,1000.0,centroid_radius_mean,ok,5379,2363,28.936428354508944,120
11650,서울특별시,서울특별시 서초구,서초구,127.008838602,37.491482128,241.51173400878906,587.6530151367188,510.97650146484375,446.7137502034505,315,1000.0,centroid_radius_mean,ok,5406,2419,43.41105640922189,120
11680,서울특별시,서울특별시 강남구,강남구,127.062984927,37.496643893,242.9860382080078,587.9736938476562,512.5094604492188,447.82306416829425,310,1000.0,centroid_radius_mean,ok,5411,2467,42.57240772687779,120
11710,서울특별시,서울특별시 송파구,송파구,127.115294815,37.505619635,242.57875061035156,586.060791015625,507.2393493652344,445.292963663737,314,1000.0,centroid_radius_mean,ok,5421,2513,46.96234186540934,120
11740,서울특별시,서울특별시 강동구,강동구,127.147011564,37.550450243,245.5343780517578,586.7766723632812,503.2265625,445.179204305013,312,1000.0,centroid_radius_mean,ok,5471,2541,32.24578216118327,120
36110,세종특별자치시,세종특별자치시,세종특별자치시,127.258780052,36.560657707,240.3265380859375,590.147216796875,508.9521179199219,446.4752909342448,314,1000.0,centroid_radius_mean,ok,4372,2643,28.923498237238476,120
31110,울산광역시,울산광역시 중구,중구,129.308242576,35.571049338,291.40521240234375,596.5590209960938,486.18121337890625,458.04848225911456,313,1000.0,centroid_radius_mean,ok,3298,4499,34.364998481294904,120
31140,울산광역시,울산광역시 남구,남구,129.329264304,35.514681561,289.9559326171875,598.923583984375,486.95556640625,458.6116943359375,312,1000.0,centroid_radius_mean,ok,3236,4520,10.154594179033245,120
31170,울산광역시,울산광역시 동구,동구,129.426062693,35.525578026,291.81964111328125,608.095458984375,498.3839416503906,466.0996805826823,315,1000.0,centroid_radius_mean,ok,3250,4607,38.2529445085598,120
31200,울산광역시,울산광역시 북구,북구,129.379810113,35.610053912,280.7197265625,598.39208984375,484.5025939941406,454.5381368001302,314,1000.0,centroid_radius_mean,ok,3343,4563,13.801007341047683,120
31710,울산광역시,울산광역시 울주군,울주군,129.174482935,35.575002127,285.1867980957031,588.1428833007812,476.0682067871094,449.79929606119794,318,1000.0,centroid_radius_mean,ok,3300,4378,49.44271289241133,120
28110,인천광역시,인천광역시 중구,중구,126.468545105,37.476064332,241.33526611328125,604.19482421875,549.7776489257812,465.1025797526042,313,1000.0,centroid_radius_mean,ok,5390,1943,33.74466623602063,120
28140,인천광역시,인천광역시 동구,동구,126.626017101,37.486507519,243.96102905273438,603.4949340820312,544.2245483398438,463.8935038248698,316,1000.0,centroid_radius_mean,ok,5401,2082,42.29231187582268,120
28177,인천광역시,인천광역시 미추홀구,미추홀구,126.664639877,37.452582226,234.62255859375,589.8961791992188,532.2417602539062,452.2534993489583,313,1000.0,centroid_radius_mean,ok,5363,2116,34.68756884664527,120
28185,인천광역시,인천광역시 연수구,연수구,126.64943396,37.394614645,249.38522338867188,611.4473266601562,550.372802734375,470.4017842610677,314,1000.0,centroid_radius_mean,ok,5299,2102,49.7466925250025,120
28200,인천광역시,인천광역시 남동구,남동구,126.726570221,37.431133003,236.19253540039062,587.32421875,528.35498046875,450.62391153971356,312,1000.0,centroid_radius_mean,ok,5339,2170,26.223553466205708,120
28237,인천광역시,인천광역시 부평구,부평구,126.72120917,37.496658742,237.09246826171875,588.87451171875,528.3268432617188,451.4312744140625,316,1000.0,centroid_radius_mean,ok,5412,2166,43.599441770899304,120
28245,인천광역시,인천광역시 계양구,계양구,126.734699653,37.557296958,236.9581756591797,586.1173706054688,526.3402099609375,449.8052520751953,312,1000.0,centroid_radius_mean,ok,5479,2178,25.47521664544814,120
28260,인천광역시,인천광역시 서구,서구,126.65673709,37.52793507,250.80413818359375,611.497314453125,548.389404296875,470.23028564453125,312,1000.0,centroid_radius_mean,ok,5447,2109,38.65362991453544,120
28710,인천광역시,인천광역시 강화군,강화군,126.443775629,37.705875826,230.20619201660156,575.1031494140625,523.3449096679688,442.88475036621094,316,1000.0,centroid_radius_mean,ok,5645,1922,46.24853721011052,120
28720,인천광역시,인천광역시 옹진군,옹진군,124.67487279,37.953668588,204.0701446533203,564.2919921875,548.744140625,439.0354258219401,314,1000.0,centroid_radius_mean,ok,5944,374,43.23453970206187,120
46110,전라남도,전라남도 목포시,목포시,126.404395654,34.813234078,234.5859832763672,606.3132934570312,545.91162109375,462.2702992757161,316,1000.0,centroid_radius_mean,ok,2431,1868,57.70062365662689,120
46130,전라남도,전라남도 여수시,여수시,127.643112462,34.780113915,266.8540344238281,623.9603271484375,535.3911743164062,475.40184529622394,311,1000.0,centroid_radius_mean,ok,2395,3000,22.179800246814267,120
46150,전라남도,전라남도 순천시,순천시,127.389162261,34.994746129,246.16050720214844,614.7198486328125,509.7409973144531,456.873784383138,312,1000.0,centroid_radius_mean,ok,2632,2767,35.611599455447994,120
46170,전라남도,전라남도 나주시,나주시,126.720410042,34.988589394,236.681884765625,596.0536499023438,525.4395141601562,452.7250162760417,313,1000.0,centroid_radius_mean,ok,2625,2158,41.47971062294849,120
46230,전라남도,전라남도 광양시,광양시,127.64938974,35.028548958,260.6695861816406,603.0399780273438,494.17584228515625,452.6284688313802,316,1000.0,centroid_radius_mean,ok,2671,3004,38.885142555887036,120
46710,전라남도,전라남도 담양군,담양군,126.995290578,35.291495103,241.51852416992188,596.7786254882812,507.4527893066406,448.58331298828125,312,1000.0,centroid_radius_mean,ok,2961,2408,22.64706169788418,120
46720,전라남도,전라남도 곡성군,곡성군,127.263582243,35.216613552,226.0570068359375,599.7023315429688,504.9594421386719,443.5729268391927,316,1000.0,centroid_radius_mean,ok,2878,2652,51.26343712862259,120
46730,전라남도,전라남도 구례군,구례군,127.503118974,35.236766215,244.13888549804688,599.9603271484375,487.2143249511719,443.77117919921875,315,1000.0,centroid_radius_mean,ok,2902,2869,32.4447946510917,120
46770,전라남도,전라남도 고흥군,고흥군,127.317451236,34.622567627,245.12400817871094,616.4376831054688,530.8341064453125,464.1319325764974,317,1000.0,centroid_radius_mean,ok,2219,2703,45.93595352169708,120
46780,전라남도,전라남도 보성군,보성군,127.160718518,34.814490445,253.4925537109375,614.3786010742188,525.127197265625,464.33278401692706,315,1000.0,centroid_radius_mean,ok,2431,2559,43.83010178769171,120
46790,전라남도,전라남도 화순군,화순군,127.033433259,35.008185725,232.04452514648438,604.66455078125,511.3465270996094,449.35186767578125,316,1000.0,centroid_radius_mean,ok,2646,2443,49.5502317260336,120
46800,전라남도,전라남도 장흥군,장흥군,126.921408055,34.676854355,250.03070068359375,607.777587890625,523.9849853515625,460.59775797526044,316,1000.0,centroid_radius_mean,ok,2278,2341,53.81221803463791,120
46810,전라남도,전라남도 강진군,강진군,126.828568946,34.59547602,231.22653198242188,600.3861694335938,522.8394775390625,451.4840596516927,313,1000.0,centroid_radius_mean,ok,2188,2255,47.06050209201511,120
46820,전라남도,전라남도 해남군,해남군,126.512077671,34.558893609,240.6775665283203,610.15283203125,541.2863159179688,464.0389048258464,316,1000.0,centroid_radius_mean,ok,2148,1965,48.54797075681953,120
46830,전라남도,전라남도 영암군,영암군,126.6235127,34.795821897,234.5326385498047,601.5997924804688,527.7514038085938,454.62794494628906,314,1000.0,centroid_radius_mean,ok,2411,2068,49.16211300485211,120
46840,전라남도,전라남도 무안군,무안군,126.478770194,34.902955068,227.97933959960938,594.6848754882812,532.4779052734375,451.7140401204427,313,1000.0,centroid_radius_mean,ok,2531,1937,33.13359437003688,120
46860,전라남도,전라남도 함평군,함평군,126.535603901,35.112670531,224.98007202148438,590.9876098632812,521.6991577148438,445.8889465332031,316,1000.0,centroid_radius_mean,ok,2763,1990,46.9519466170698,120
46870,전라남도,전라남도 영광군,영광군,126.46254079,35.277900987,232.45883178710938,595.7849731445312,536.4280395507812,454.89061482747394,316,1000.0,centroid_radius_mean,ok,2947,1924,50.08417132109043,120
46880,전라남도,전라남도 장성군,장성군,126.768494621,35.329564365,241.93865966796875,594.6415405273438,520.088623046875,452.2229410807292,316,1000.0,centroid_radius_mean,ok,3004,2202,34.73265693594233,120
46890,전라남도,전라남도 완도군,완도군,126.698648078,34.344748088,237.15225219726562,602.9660034179688,550.9461669921875,463.6881408691406,316,1000.0,centroid_radius_mean,ok,1910,2136,47.456273893490774,120
46900,전라남도,전라남도 진도군,진도군,126.242779757,34.459269389,231.72845458984375,601.8251342773438,541.6906127929688,458.41473388671875,313,1000.0,centroid_radius_mean,ok,2039,1718,23.06524095234925,120
46910,전라남도,전라남도 신안군,신안군,126.215176309,35.0813325,226.27084350585938,596.7586669921875,543.5118408203125,455.51378377278644,314,1000.0,centroid_radius_mean,ok,2730,1698,46.74713070835148,120
52110,전북특별자치도,전북특별자치도 전주시,전주시,127.1183982025,35.830368265,241.5532989501953,595.0015258789062,507.15704345703125,447.9039560953776,311,1000.0,centroid_radius_mean,ok,3560,2519,24.02671127661361,120
52111,전북특별자치도,전북특별자치도 전주시 완산구,전주시 완산구,127.120764418,35.791249368,242.21066284179688,595.7617797851562,509.4159240722656,449.12945556640625,313,1000.0,centroid_radius_mean,ok,3517,2521,39.01321916448317,120
52113,전북특별자치도,전북특별자치도 전주시 덕진구,전주시 덕진구,127.116031987,35.869487162,239.28219604492188,593.28271484375,506.1450500488281,446.2366536458333,315,1000.0,centroid_radius_mean,ok,3604,2517,63.14534772413739,120
52130,전북특별자치도,전북특별자치도 군산시,군산시,126.796892066,35.965130063,228.37649536132812,591.8899536132812,526.6365966796875,448.9676818847656,313,1000.0,centroid_radius_mean,ok,3710,2229,31.55582314934773,120
52140,전북특별자치도,전북특별자치도 익산시,익산시,126.989509892,36.023105553,234.11387634277344,596.1444702148438,515.2725219726562,448.5102895100911,316,1000.0,centroid_radius_mean,ok,3774,2403,44.91348945900082,120
52180,전북특별자치도,전북특별자치도 정읍시,정읍시,126.905857266,35.602624659,237.0462188720703,593.3592529296875,510.9009704589844,447.1021474202474,313,1000.0,centroid_radius_mean,ok,3307,2327,6.919966248335001,120
52190,전북특별자치도,전북특별자치도 남원시,남원시,127.428755011,35.453468536,257.7138671875,605.6843872070312,497.9009094238281,453.7663879394531,316,1000.0,centroid_radius_mean,ok,3142,2801,53.43699992832487,120
52210,전북특별자치도,전북특별자치도 김제시,김제시,126.896118705,35.80681797,234.42857360839844,594.1558837890625,519.3199462890625,449.3014678955078,315,1000.0,centroid_radius_mean,ok,3534,2318,42.86045691450007,120
52710,전북특별자치도,전북특별자치도 완주군,완주군,127.22296493,35.922586151,222.64285278320312,582.8626098632812,483.8468017578125,429.7840881347656,316,1000.0,centroid_radius_mean,ok,3663,2613,39.19609959525032,120
52720,전북특별자치도,전북특별자치도 진안군,진안군,127.430035163,35.828807453,243.8609619140625,593.3030395507812,491.0365295410156,442.73351033528644,314,1000.0,centroid_radius_mean,ok,3559,2800,43.30844735493942,120
52730,전북특별자치도,전북특별자치도 무주군,무주군,127.712952833,35.939367356,244.6908416748047,600.6349487304688,498.2691955566406,447.864995320638,315,1000.0,centroid_radius_mean,ok,3684,3054,45.70631789814972,120
52740,전북특별자치도,전북특별자치도 장수군,장수군,127.544263796,35.657460976,263.8773193359375,615.4261474609375,503.71197509765625,461.00514729817706,316,1000.0,centroid_radius_mean,ok,3369,2904,49.45745276738022,120
52750,전북특별자치도,전북특별자치도 임실군,임실군,127.236662214,35.598242385,251.27333068847656,604.185546875,507.0077209472656,454.15553283691406,312,1000.0,centroid_radius_mean,ok,3302,2626,39.99913147280794,120
52770,전북특별자치도,전북특별자치도 순창군,순창군,127.090086697,35.433634301,245.4566650390625,607.7866821289062,517.5014038085938,456.9149169921875,314,1000.0,centroid_radius_mean,ok,3119,2494,29.1674308017721,120
52790,전북특별자치도,전북특별자치도 고창군,고창군,126.616083491,35.448134367,232.59552001953125,593.4990844726562,531.0731201171875,452.3892415364583,317,1000.0,centroid_radius_mean,ok,3136,2064,46.371282210422194,120
52800,전북특별자치도,전북특별자치도 부안군,부안군,126.655605324,35.680146074,231.3982391357422,597.4059448242188,529.7117919921875,452.8386586507161,315,1000.0,centroid_radius_mean,ok,3394,2101,48.19203449497194,120
50110,제주특별자치도,제주특별자치도 제주시,제주시,126.528229894,33.438050051,231.37098693847656,565.9656982421875,501.72796630859375,433.02155049641925,315,1000.0,centroid_radius_mean,ok,903,1974,38.23009029260165,120
50130,제주특별자치도,제주특별자치도 서귀포시,서귀포시,126.557354194,33.305862849,257.62811279296875,521.5396118164062,456.2832336425781,411.8169860839844,316,1000.0,centroid_radius_mean,ok,756,2001,30.693065465589545,120
44130,충청남도,충청남도 천안시,천안시,127.1878926385,36.838076325,234.22621154785156,582.8976440429688,506.2547912597656,441.126215616862,313,1000.0,centroid_radius_mean,ok,4680,2579,25.19839905723127,120
44131,충청남도,충청남도 천안시 동남구,천안시 동남구,127.213975884,36.783442003,245.43014526367188,586.8012084960938,507.2905578613281,446.50730387369794,312,1000.0,centroid_radius_mean,ok,4619,2602,26.606847063139856,120
44133,충청남도,충청남도 천안시 서북구,천안시 서북구,127.161809393,36.892710647,243.47750854492188,584.9044799804688,508.68939208984375,445.6904602050781,316,1000.0,centroid_radius_mean,ok,4741,2555,67.40274270470552,120
44150,충청남도,충청남도 공주시,공주시,127.075219115,36.479819761,236.41122436523438,588.094482421875,506.3578796386719,443.62119547526044,311,1000.0,centroid_radius_mean,ok,4282,2479,36.64151259253949,120
44180,충청남도,충청남도 보령시,보령시,126.609191927,36.3253592,229.24081420898438,585.10107421875,521.1776733398438,445.1731872558594,312,1000.0,centroid_radius_mean,ok,4111,2062,42.78403066486314,120
44200,충청남도,충청남도 아산시,아산시,126.980078546,36.807315823,241.670166015625,583.84912109375,508.3402099609375,444.6198323567708,310,1000.0,centroid_radius_mean,ok,4645,2394,46.70773830049711,120
44210,충청남도,충청남도 서산시,서산시,126.486372306,36.753254877,230.36167907714844,574.5833129882812,514.6585083007812,439.8678334554036,316,1000.0,centroid_radius_mean,ok,4587,1954,64.61262006250644,120
44230,충청남도,충청남도 논산시,논산시,127.157716099,36.190886912,234.4907989501953,589.5202026367188,505.7275085449219,443.2461700439453,316,1000.0,centroid_radius_mean,ok,3961,2553,49.206842704807165,120
44250,충청남도,충청남도 계룡시,계룡시,127.234426334,36.291593696,243.2160186767578,587.6233520507812,505.4250793457031,445.4214833577474,312,1000.0,centroid_radius_mean,ok,4073,2622,25.568258809786013,120
44270,충청남도,충청남도 당진시,당진시,126.654275223,36.902175321,232.33497619628906,580.9649047851562,517.3258666992188,443.5419158935547,315,1000.0,centroid_radius_mean,ok,4751,2104,59.52857714016402,120
44710,충청남도,충청남도 금산군,금산군,127.478311611,36.119000806,249.10003662109375,600.9004516601562,511.1925048828125,453.7309977213542,312,1000.0,centroid_radius_mean,ok,3882,2841,39.06890474585746,120
44760,충청남도,충청남도 부여군,부여군,126.856967364,36.246383896,226.55189514160156,586.9429931640625,516.0145263671875,443.1698048909505,316,1000.0,centroid_radius_mean,ok,4022,2284,40.56491829319559,120
44770,충청남도,충청남도 서천군,서천군,126.70453076,36.107041941,230.36282348632812,591.1279907226562,527.0670166015625,449.51927693684894,315,1000.0,centroid_radius_mean,ok,3868,2147,47.51596568944178,120
44790,충청남도,충청남도 청양군,청양군,126.853112833,36.430582958,234.31617736816406,586.5336303710938,507.3836669921875,442.74449157714844,314,1000.0,centroid_radius_mean,ok,4227,2281,48.69901123428946,120
44800,충청남도,충청남도 홍성군,홍성군,126.625897416,36.570107434,230.80625915527344,577.81298828125,514.537109375,441.0521189371745,314,1000.0,centroid_radius_mean,ok,4382,2078,47.50738887876151,120
44810,충청남도,충청남도 예산군,예산군,126.875723629,36.648037048,241.72927856445312,582.1610107421875,502.2901916503906,442.06016031901044,313,1000.0,centroid_radius_mean,ok,4469,2301,47.15805490201831,120
44825,충청남도,충청남도 태안군,태안군,126.258045192,36.772753361,225.0165252685547,577.0112915039062,529.2384643554688,443.75542704264325,315,1000.0,centroid_radius_mean,ok,4609,1751,55.85254621333006,120
43110,충청북도,충청북도 청주시,청주시,127.47096941075,36.6267293285,242.7681121826172,588.8051147460938,501.4493713378906,444.3408660888672,308,1000.0,centroid_radius_mean,ok,4446,2832,20.49913462017733,120
43111,충청북도,충청북도 청주시 상당구,청주시 상당구,127.584881846,36.592112573,244.34677124023438,586.508544921875,496.681640625,442.51231892903644,315,1000.0,centroid_radius_mean,ok,4408,2934,38.59606424687036,120
43112,충청북도,충청북도 청주시 서원구,청주시 서원구,127.438403296,36.547265055,234.87994384765625,586.0392456054688,499.95904541015625,440.29274495442706,316,1000.0,centroid_radius_mean,ok,4358,2803,47.54311313485044,120
43113,충청북도,충청북도 청주시 흥덕구,청주시 흥덕구,127.369274884,36.646960767,242.1294708251953,590.3364868164062,506.587158203125,446.3510386149089,311,1000.0,centroid_radius_mean,ok,4468,2741,5.341696109803717,120
43114,충청북도,충청북도 청주시 청원구,청주시 청원구,127.491317617,36.720578919,244.67437744140625,588.92236328125,503.51531982421875,445.7040201822917,318,1000.0,centroid_radius_mean,ok,4550,2849,53.44644050892217,120
43130,충청북도,충청북도 충주시,충주시,127.895661987,37.015196941,246.21046447753906,588.256103515625,494.97039794921875,443.1456553141276,314,1000.0,centroid_radius_mean,ok,4880,3206,56.123712397150605,120
43150,충청북도,충청북도 제천시,제천시,128.14095902,37.059911831,250.39089965820312,592.4068603515625,488.7659606933594,443.8545735677083,315,1000.0,centroid_radius_mean,ok,4933,3423,50.52750332381141,120
43720,충청북도,충청북도 보은군,보은군,127.729335394,36.489949587,247.56414794921875,597.8214721679688,508.20367431640625,451.19643147786456,314,1000.0,centroid_radius_mean,ok,4296,3063,59.8280291500145,120
43730,충청북도,충청북도 옥천군,옥천군,127.65655858,36.320456112,228.7717742919922,585.5292358398438,500.9982604980469,438.43309020996094,315,1000.0,centroid_radius_mean,ok,4107,3000,32.96914572471595,120
43740,충청북도,충청북도 영동군,영동군,127.814227866,36.159658956,250.3372039794922,597.0945434570312,500.2306213378906,449.2207895914714,316,1000.0,centroid_radius_mean,ok,3929,3143,49.73909059294064,120
43745,충청북도,충청북도 증평군,증평군,127.601035246,36.799057207,253.14840698242188,593.4569091796875,505.5632019042969,450.72283935546875,316,1000.0,centroid_radius_mean,ok,4638,2946,53.63644603616901,120
43750,충청북도,충청북도 진천군,진천군,127.440463551,36.870999519,246.7155303955078,593.3854370117188,509.3775939941406,449.82618713378906,315,1000.0,centroid_radius_mean,ok,4717,2803,35.48035112563415,120
43760,충청북도,충청북도 괴산군,괴산군,127.829587847,36.769659024,244.8965606689453,593.55615234375,495.6847839355469,444.7124989827474,311,1000.0,centroid_radius_mean,ok,4607,3150,20.70548647674867,120
43770,충청북도,충청북도 음성군,음성군,127.533696139,36.982457728,246.21372985839844,591.9503173828125,507.43743896484375,448.53382873535156,317,1000.0,centroid_radius_mean,ok,4842,2885,56.69627551770945,120
43800,충청북도,충청북도 단양군,단양군,128.387841343,36.994452762,229.9132080078125,574.7808227539062,469.6666564941406,424.7868957519531,312,1000.0,centroid_radius_mean,ok,4863,3643,31.42149602549692,120
