X,Y,id,left,top,right,bottom,row_index,col_index
126.926935991711,37.3510337772138,1,193526.4693,527973.5169,194326.4693,528473.5169,0,0
126.926940357235,37.3465286347264,2,193526.4693,527473.5169,194326.4693,527973.5169,1,0
126.926944721787,37.3420234887992,3,193526.4693,526973.5169,194326.4693,527473.5169,2,0
126.926949085369,37.3375183394323,4,193526.4693,526473.5169,194326.4693,526973.5169,3,0
126.926953447979,37.3330131866259,5,193526.4693,525973.5169,194326.4693,526473.5169,4,0
126.926957809619,37.3285080303801,6,193526.4693,525473.5169,194326.4693,525973.5169,5,0
126.926962170288,37.324002870695,7,193526.4693,524973.5169,194326.4693,525473.5169,6,0
126.926966529987,37.3194977075708,8,193526.4693,524473.5169,194326.4693,524973.5169,7,0
126.926970888716,37.3149925410077,9,193526.4693,523973.5169,194326.4693,524473.5169,8,0
126.926975246475,37.3104873710057,10,193526.4693,523473.5169,194326.4693,523973.5169,9,0
126.926979603265,37.3059821975651,11,193526.4693,522973.5169,194326.4693,523473.5169,10,0
126.926983959086,37.301477020686,12,193526.4693,522473.5169,194326.4693,522973.5169,11,0
126.926988313937,37.2969718403685,13,193526.4693,521973.5169,194326.4693,522473.5169,12,0
126.926992667819,37.2924666566127,14,193526.4693,521473.5169,194326.4693,521973.5169,13,0
126.926997020733,37.2879614694189,15,193526.4693,520973.5169,194326.4693,521473.5169,14,0
126.927001372678,37.2834562787872,16,193526.4693,520473.5169,194326.4693,520973.5169,15,0
126.927005723655,37.2789510847176,17,193526.4693,519973.5169,194326.4693,520473.5169,16,0
126.927010073665,37.2744458872104,18,193526.4693,519473.5169,194326.4693,519973.5169,17,0
126.927014422706,37.2699406862657,19,193526.4693,518973.5169,194326.4693,519473.5169,18,0
126.92701877078,37.2654354818837,20,193526.4693,518473.5169,194326.4693,518973.5169,19,0
126.927023117886,37.2609302740644,21,193526.4693,517973.5169,194326.4693,518473.5169,20,0
126.927027464026,37.2564250628081,22,193526.4693,517473.5169,194326.4693,517973.5169,21,0
126.927031809199,37.2519198481149,23,193526.4693,516973.5169,194326.4693,517473.5169,22,0
126.927036153405,37.2474146299849,24,193526.4693,516473.5169,194326.4693,516973.5169,23,0
126.927040496644,37.2429094084182,25,193526.4693,515973.5169,194326.4693,516473.5169,24,0
126.927044838918,37.2384041834151,26,193526.4693,515473.5169,194326.4693,515973.5169,25,0
126.927049180226,37.2338989549757,27,193526.4693,514973.5169,194326.4693,515473.5169,26,0
126.927053520567,37.2293937231001,28,193526.4693,514473.5169,194326.4693,514973.5169,27,0
126.927057859944,37.2248884877885,29,193526.4693,513973.5169,194326.4693,514473.5169,28,0
126.935965248484,37.3510390093755,30,194326.4693,527973.5169,195126.4693,528473.5169,0,1
126.935969074517,37.3465338660404,31,194326.4693,527473.5169,195126.4693,527973.5169,1,1
126.935972899699,37.3420287192657,32,194326.4693,526973.5169,195126.4693,527473.5169,2,1
126.935976724029,37.3375235690513,33,194326.4693,526473.5169,195126.4693,526973.5169,3,1
126.935980547509,37.3330184153975,34,194326.4693,525973.5169,195126.4693,526473.5169,4,1
126.935984370138,37.3285132583044,35,194326.4693,525473.5169,195126.4693,525973.5169,5,1
126.935988191916,37.3240080977722,36,194326.4693,524973.5169,195126.4693,525473.5169,6,1
126.935992012844,37.3195029338009,37,194326.4693,524473.5169,195126.4693,524973.5169,7,1
126.935995832922,37.3149977663909,38,194326.4693,523973.5169,195126.4693,524473.5169,8,1
126.93599965215,37.3104925955421,39,194326.4693,523473.5169,195126.4693,523973.5169,9,1
126.936003470528,37.3059874212547,40,194326.4693,522973.5169,195126.4693,523473.5169,10,1
126.936007288057,37.3014822435289,41,194326.4693,522473.5169,195126.4693,522973.5169,11,1
126.936011104736,37.2969770623648,42,194326.4693,521973.5169,195126.4693,522473.5169,12,1
126.936014920566,37.2924718777626,43,194326.4693,521473.5169,195126.4693,521973.5169,13,1
126.936018735547,37.2879666897225,44,194326.4693,520973.5169,195126.4693,521473.5169,14,1
126.93602254968,37.2834614982444,45,194326.4693,520473.5169,195126.4693,520973.5169,15,1
126.936026362964,37.2789563033287,46,194326.4693,519973.5169,195126.4693,520473.5169,16,1
126.936030175399,37.2744511049755,47,194326.4693,519473.5169,195126.4693,519973.5169,17,1
126.936033986987,37.2699459031848,48,194326.4693,518973.5169,195126.4693,519473.5169,18,1
126.936037797726,37.2654406979569,49,194326.4693,518473.5169,195126.4693,518973.5169,19,1
126.936041607618,37.2609354892919,50,194326.4693,517973.5169,195126.4693,518473.5169,20,1
126.936045416662,37.2564302771899,51,194326.4693,517473.5169,195126.4693,517973.5169,21,1
126.936049224859,37.2519250616511,52,194326.4693,516973.5169,195126.4693,517473.5169,22,1
126.936053032209,37.2474198426756,53,194326.4693,516473.5169,195126.4693,516973.5169,23,1
126.936056838711,37.2429146202637,54,194326.4693,515973.5169,195126.4693,516473.5169,24,1
126.936060644367,37.2384093944153,55,194326.4693,515473.5169,195126.4693,515973.5169,25,1
126.936064449177,37.2339041651307,56,194326.4693,514973.5169,195126.4693,515473.5169,26,1
126.93606825314,37.22939893241,57,194326.4693,514473.5169,195126.4693,514973.5169,27,1
126.936072056256,37.2248936962534,58,194326.4693,513973.5169,195126.4693,514473.5169,28,1
126.944994507437,37.3510435523626,59,195126.4693,527973.5169,195926.4693,528473.5169,0,2
126.944997793979,37.3465384082916,60,195126.4693,527473.5169,195926.4693,527973.5169,1,2
126.945001079789,37.3420332607809,61,195126.4693,526973.5169,195926.4693,527473.5169,2,2
126.945004364868,37.3375281098307,62,195126.4693,526473.5169,195926.4693,526973.5169,3,2
126.945007649217,37.3330229554412,63,195126.4693,525973.5169,195926.4693,526473.5169,4,2
126.945010932834,37.3285177976124,64,195126.4693,525473.5169,195926.4693,525973.5169,5,2
126.945014215721,37.3240126363446,65,195126.4693,524973.5169,195926.4693,525473.5169,6,2
126.945017497877,37.3195074716379,66,195126.4693,524473.5169,195926.4693,524973.5169,7,2
126.945020779304,37.3150023034924,67,195126.4693,523973.5169,195926.4693,524473.5169,8,2
126.94502406,37.3104971319083,68,195126.4693,523473.5169,195926.4693,523973.5169,9,2
126.945027339966,37.3059919568857,69,195126.4693,522973.5169,195926.4693,523473.5169,10,2
126.945030619202,37.3014867784248,70,195126.4693,522473.5169,195926.4693,522973.5169,11,2
126.945033897709,37.2969815965257,71,195126.4693,521973.5169,195926.4693,522473.5169,12,2
126.945037175487,37.2924764111885,72,195126.4693,521473.5169,195926.4693,521973.5169,13,2
126.945040452535,37.2879712224134,73,195126.4693,520973.5169,195926.4693,521473.5169,14,2
126.945043728854,37.2834660302006,74,195126.4693,520473.5169,195926.4693,520973.5169,15,2
126.945047004444,37.2789608345502,75,195126.4693,519973.5169,195926.4693,520473.5169,16,2
126.945050279306,37.2744556354624,76,195126.4693,519473.5169,195926.4693,519973.5169,17,2
126.945053553439,37.2699504329372,77,195126.4693,518973.5169,195926.4693,519473.5169,18,2
126.945056826843,37.2654452269748,78,195126.4693,518473.5169,195926.4693,518973.5169,19,2
126.94506009952,37.2609400175754,79,195126.4693,517973.5169,195926.4693,518473.5169,20,2
126.945063371468,37.2564348047392,80,195126.4693,517473.5169,195926.4693,517973.5169,21,2
126.945066642688,37.2519295884662,81,195126.4693,516973.5169,195926.4693,517473.5169,22,2
126.945069913181,37.2474243687566,82,195126.4693,516473.5169,195926.4693,516973.5169,23,2
126.945073182946,37.2429191456106,83,195126.4693,515973.5169,195926.4693,516473.5169,24,2
126.945076451984,37.2384139190283,84,195126.4693,515473.5169,195926.4693,515973.5169,25,2
126.945079720295,37.2339086890099,85,195126.4693,514973.5169,195926.4693,515473.5169,26,2
126.945082987878,37.2294034555554,86,195126.4693,514473.5169,195926.4693,514973.5169,27,2
126.945086254735,37.2248982186651,87,195126.4693,513973.5169,195926.4693,514473.5169,28,2
126.954023768263,37.3510474061748,88,195926.4693,527973.5169,196726.4693,528473.5169,0,3
126.954026515313,37.3465422614794,89,195926.4693,527473.5169,196726.4693,527973.5169,1,3
126.954029261751,37.3420371133444,90,195926.4693,526973.5169,196726.4693,527473.5169,2,3
126.954032007579,37.3375319617701,91,195926.4693,526473.5169,196726.4693,526973.5169,3,3
126.954034752795,37.3330268067564,92,195926.4693,525973.5169,196726.4693,526473.5169,4,3
126.954037497401,37.3285216483036,93,195926.4693,525473.5169,196726.4693,525973.5169,5,3
126.954040241396,37.3240164864118,94,195926.4693,524973.5169,196726.4693,525473.5169,6,3
126.95404298478,37.3195113210812,95,195926.4693,524473.5169,196726.4693,524973.5169,7,3
126.954045727554,37.3150061523118,96,195926.4693,523973.5169,196726.4693,524473.5169,8,3
126.954048469718,37.310500980104,97,195926.4693,523473.5169,196726.4693,523973.5169,9,3
126.954051211272,37.3059958044577,98,195926.4693,522973.5169,196726.4693,523473.5169,10,3
126.954053952216,37.3014906253731,99,195926.4693,522473.5169,196726.4693,522973.5169,11,3
126.95405669255,37.2969854428505,100,195926.4693,521973.5169,196726.4693,522473.5169,12,3
126.954059432274,37.2924802568898,101,195926.4693,521473.5169,196726.4693,521973.5169,13,3
126.954062171389,37.2879750674914,102,195926.4693,520973.5169,196726.4693,521473.5169,14,3
126.954064909894,37.2834698746553,103,195926.4693,520473.5169,196726.4693,520973.5169,15,3
126.95406764779,37.2789646783816,104,195926.4693,519973.5169,196726.4693,520473.5169,16,3
126.954070385077,37.2744594786706,105,195926.4693,519473.5169,196726.4693,519973.5169,17,3
126.954073121755,37.2699542755222,106,195926.4693,518973.5169,196726.4693,519473.5169,18,3
126.954075857824,37.2654490689369,107,195926.4693,518473.5169,196726.4693,518973.5169,19,3
126.954078593285,37.2609438589145,108,195926.4693,517973.5169,196726.4693,518473.5169,20,3
126.954081328137,37.2564386454554,109,195926.4693,517473.5169,196726.4693,517973.5169,21,3
126.95408406238,37.2519334285596,110,195926.4693,516973.5169,196726.4693,517473.5169,22,3
126.954086796016,37.2474282082273,111,195926.4693,516473.5169,196726.4693,516973.5169,23,3
126.954089529043,37.2429229844586,112,195926.4693,515973.5169,196726.4693,516473.5169,24,3
126.954092261462,37.2384177572537,113,195926.4693,515473.5169,196726.4693,515973.5169,25,3
126.954094993274,37.2339125266128,114,195926.4693,514973.5169,196726.4693,515473.5169,26,3
126.954097724477,37.2294072925359,115,195926.4693,514473.5169,196726.4693,514973.5169,27,3
126.954100455074,37.2249020550232,116,195926.4693,513973.5169,196726.4693,514473.5169,28,3
126.963053030654,37.3510505708116,117,196726.4693,527973.5169,197526.4693,528473.5169,0,4
126.963055238211,37.3465454256035,118,196726.4693,527473.5169,197526.4693,527973.5169,1,4
126.963057445278,37.3420402769559,119,196726.4693,526973.5169,197526.4693,527473.5169,2,4
126.963059651853,37.3375351248689,120,196726.4693,526473.5169,197526.4693,526973.5169,3,4
126.963061857937,37.3330299693428,121,196726.4693,525973.5169,197526.4693,526473.5169,4,4
126.963064063531,37.3285248103775,122,196726.4693,525473.5169,197526.4693,525973.5169,5,4
126.963066268634,37.3240196479733,123,196726.4693,524973.5169,197526.4693,525473.5169,6,4
126.963068473246,37.3195144821304,124,196726.4693,524473.5169,197526.4693,524973.5169,7,4
126.963070677367,37.3150093128487,125,196726.4693,523973.5169,197526.4693,524473.5169,8,4
126.963072880998,37.3105041401287,126,196726.4693,523473.5169,197526.4693,523973.5169,9,4
126.963075084139,37.3059989639702,127,196726.4693,522973.5169,197526.4693,523473.5169,10,4
126.96307728679,37.3014937843736,128,196726.4693,522473.5169,197526.4693,522973.5169,11,4
126.963079488951,37.2969886013389,129,196726.4693,521973.5169,197526.4693,522473.5169,12,4
126.963081690621,37.2924834148663,130,196726.4693,521473.5169,197526.4693,521973.5169,13,4
126.963083891802,37.2879782249559,131,196726.4693,520973.5169,197526.4693,521473.5169,14,4
126.963086092494,37.2834730316079,132,196726.4693,520473.5169,197526.4693,520973.5169,15,4
126.963088292695,37.2789678348225,133,196726.4693,519973.5169,197526.4693,520473.5169,16,4
126.963090492407,37.2744626345997,134,196726.4693,519473.5169,197526.4693,519973.5169,17,4
126.96309269163,37.2699574309397,135,196726.4693,518973.5169,197526.4693,519473.5169,18,4
126.963094890364,37.2654522238427,136,196726.4693,518473.5169,197526.4693,518973.5169,19,4
126.963097088608,37.2609470133088,137,196726.4693,517973.5169,197526.4693,518473.5169,20,4
126.963099286363,37.2564417993382,138,196726.4693,517473.5169,197526.4693,517973.5169,21,4
126.96310148363,37.2519365819309,139,196726.4693,516973.5169,197526.4693,517473.5169,22,4
126.963103680407,37.2474313610873,140,196726.4693,516473.5169,197526.4693,516973.5169,23,4
126.963105876696,37.2429261368073,141,196726.4693,515973.5169,197526.4693,516473.5169,24,4
126.963108072497,37.2384209090911,142,196726.4693,515473.5169,197526.4693,515973.5169,25,4
126.963110267808,37.233915677939,143,196726.4693,514973.5169,197526.4693,515473.5169,26,4
126.963112462632,37.2294104433509,144,196726.4693,514473.5169,197526.4693,514973.5169,27,4
126.963114656967,37.2249052053272,145,196726.4693,513973.5169,197526.4693,514473.5169,28,4
126.972082294302,37.3510530462727,146,197526.4693,527973.5169,198326.4693,528473.5169,0,5
126.972083962367,37.3465479006636,147,197526.4693,527473.5169,198326.4693,527973.5169,1,5
126.972085630061,37.342042751615,148,197526.4693,526973.5169,198326.4693,527473.5169,2,5
126.972087297384,37.337537599127,149,197526.4693,526473.5169,198326.4693,526973.5169,3,5
126.972088964336,37.3330324432,150,197526.4693,525973.5169,198326.4693,526473.5169,4,5
126.972090630917,37.3285272838338,151,197526.4693,525473.5169,198326.4693,525973.5169,5,5
126.972092297127,37.3240221210288,152,197526.4693,524973.5169,198326.4693,525473.5169,6,5
126.972093962967,37.3195169547851,153,197526.4693,524473.5169,198326.4693,524973.5169,7,5
126.972095628436,37.3150117851028,154,197526.4693,523973.5169,198326.4693,524473.5169,8,5
126.972097293534,37.310506611982,155,197526.4693,523473.5169,198326.4693,523973.5169,9,5
126.972098958262,37.306001435423,156,197526.4693,522973.5169,198326.4693,523473.5169,10,5
126.972100622619,37.3014962554258,157,197526.4693,522473.5169,198326.4693,522973.5169,11,5
126.972102286606,37.2969910719905,158,197526.4693,521973.5169,198326.4693,522473.5169,12,5
126.972103950223,37.2924858851175,159,197526.4693,521473.5169,198326.4693,521973.5169,13,5
126.97210561347,37.2879806948067,160,197526.4693,520973.5169,198326.4693,521473.5169,14,5
126.972107276347,37.2834755010583,161,197526.4693,520473.5169,198326.4693,520973.5169,15,5
126.972108938853,37.2789703038725,162,197526.4693,519973.5169,198326.4693,520473.5169,16,5
126.97211060099,37.2744651032494,163,197526.4693,519473.5169,198326.4693,519973.5169,17,5
126.972112262758,37.2699598991892,164,197526.4693,518973.5169,198326.4693,519473.5169,18,5
126.972113924155,37.265454691692,165,197526.4693,518473.5169,198326.4693,518973.5169,19,5
126.972115585183,37.2609494807579,166,197526.4693,517973.5169,198326.4693,518473.5169,20,5
126.972117245841,37.2564442663872,167,197526.4693,517473.5169,198326.4693,517973.5169,21,5
126.97211890613,37.2519390485799,168,197526.4693,516973.5169,198326.4693,517473.5169,22,5
126.97212056605,37.2474338273362,169,197526.4693,516473.5169,198326.4693,516973.5169,23,5
126.9721222256,37.2429286026562,170,197526.4693,515973.5169,198326.4693,516473.5169,24,5
126.972123884781,37.2384233745402,171,197526.4693,515473.5169,198326.4693,515973.5169,25,5
126.972125543593,37.2339181429882,172,197526.4693,514973.5169,198326.4693,515473.5169,26,5
126.972127202036,37.2294129080003,173,197526.4693,514473.5169,198326.4693,514973.5169,27,5
126.972128860111,37.2249076695768,174,197526.4693,513973.5169,198326.4693,514473.5169,28,5
126.981111558901,37.3510548325578,175,198326.4693,527973.5169,199126.4693,528473.5169,0,6
126.981112687474,37.3465496866593,176,198326.4693,527473.5169,199126.4693,527973.5169,1,6
126.981113815795,37.3420445373213,177,198326.4693,526973.5169,199126.4693,527473.5169,2,6
126.981114943865,37.3375393845441,178,198326.4693,526473.5169,199126.4693,526973.5169,3,6
126.981116071684,37.3330342283277,179,198326.4693,525973.5169,199126.4693,526473.5169,4,6
126.981117199253,37.3285290686723,180,198326.4693,525473.5169,199126.4693,525973.5169,5,6
126.98111832657,37.3240239055781,181,198326.4693,524973.5169,199126.4693,525473.5169,6,6
126.981119453637,37.3195187390452,182,198326.4693,524473.5169,199126.4693,524973.5169,7,6
126.981120580453,37.3150135690737,183,198326.4693,523973.5169,199126.4693,524473.5169,8,6
126.981121707018,37.3105083956638,184,198326.4693,523473.5169,199126.4693,523973.5169,9,6
126.981122833332,37.3060032188157,185,198326.4693,522973.5169,199126.4693,523473.5169,10,6
126.981123959396,37.3014980385294,186,198326.4693,522473.5169,199126.4693,522973.5169,11,6
126.981125085209,37.2969928548052,187,198326.4693,521973.5169,199126.4693,522473.5169,12,6
126.981126210772,37.2924876676431,188,198326.4693,521473.5169,199126.4693,521973.5169,13,6
126.981127336085,37.2879824770434,189,198326.4693,520973.5169,199126.4693,521473.5169,14,6
126.981128461147,37.2834772830061,190,198326.4693,520473.5169,199126.4693,520973.5169,15,6
126.981129585958,37.2789720855314,191,198326.4693,519973.5169,199126.4693,520473.5169,16,6
126.98113071052,37.2744668846195,192,198326.4693,519473.5169,199126.4693,519973.5169,17,6
126.981131834831,37.2699616802704,193,198326.4693,518973.5169,199126.4693,519473.5169,18,6
126.981132958893,37.2654564724844,194,198326.4693,518473.5169,199126.4693,518973.5169,19,6
126.981134082704,37.2609512612617,195,198326.4693,517973.5169,199126.4693,518473.5169,20,6
126.981135206265,37.2564460466022,196,198326.4693,517473.5169,199126.4693,517973.5169,21,6
126.981136329576,37.2519408285062,197,198326.4693,516973.5169,199126.4693,517473.5169,22,6
126.981137452638,37.2474356069739,198,198326.4693,516473.5169,199126.4693,516973.5169,23,6
126.981138575449,37.2429303820053,199,198326.4693,515973.5169,199126.4693,516473.5169,24,6
126.981139698011,37.2384251536007,200,198326.4693,515473.5169,199126.4693,515973.5169,25,6
126.981140820323,37.2339199217601,201,198326.4693,514973.5169,199126.4693,515473.5169,26,6
126.981141942385,37.2294146864837,202,198326.4693,514473.5169,199126.4693,514973.5169,27,6
126.981143064198,37.2249094477718,203,198326.4693,513973.5169,199126.4693,514473.5169,28,6
126.990140824143,37.3510559296668,204,199126.4693,527973.5169,199926.4693,528473.5169,0,7
126.990141413223,37.3465507835905,205,199126.4693,527473.5169,199926.4693,527973.5169,1,7
126.990142002171,37.3420456340748,206,199126.4693,526973.5169,199926.4693,527473.5169,2,7
126.990142590989,37.3375404811199,207,199126.4693,526473.5169,199926.4693,526973.5169,3,7
126.990143179675,37.3330353247258,208,199126.4693,525973.5169,199926.4693,526473.5169,4,7
126.990143768231,37.3285301648928,209,199126.4693,525473.5169,199926.4693,525973.5169,5,7
126.990144356655,37.3240250016209,210,199126.4693,524973.5169,199926.4693,525473.5169,6,7
126.990144944949,37.3195198349104,211,199126.4693,524473.5169,199926.4693,524973.5169,7,7
126.990145533111,37.3150146647613,212,199126.4693,523973.5169,199926.4693,524473.5169,8,7
126.990146121143,37.3105094911739,213,199126.4693,523473.5169,199926.4693,523973.5169,9,7
126.990146709044,37.3060043141482,214,199126.4693,522973.5169,199926.4693,523473.5169,10,7
126.990147296814,37.3014991336844,215,199126.4693,522473.5169,199926.4693,522973.5169,11,7
126.990147884454,37.2969939497826,216,199126.4693,521973.5169,199926.4693,522473.5169,12,7
126.990148471962,37.2924887624431,217,199126.4693,521473.5169,199926.4693,521973.5169,13,7
126.99014905934,37.2879835716659,218,199126.4693,520973.5169,199926.4693,521473.5169,14,7
126.990149646588,37.2834783774511,219,199126.4693,520473.5169,199926.4693,520973.5169,15,7
126.990150233704,37.278973179799,220,199126.4693,519973.5169,199926.4693,520473.5169,16,7
126.99015082069,37.2744679787097,221,199126.4693,519473.5169,199926.4693,519973.5169,17,7
126.990151407546,37.2699627741832,222,199126.4693,518973.5169,199926.4693,519473.5169,18,7
126.99015199427,37.2654575662199,223,199126.4693,518473.5169,199926.4693,518973.5169,19,7
126.990152580865,37.2609523548198,224,199126.4693,517973.5169,199926.4693,518473.5169,20,7
126.990153167329,37.256447139983,225,199126.4693,517473.5169,199926.4693,517973.5169,21,7
126.990153753662,37.2519419217097,226,199126.4693,516973.5169,199926.4693,517473.5169,22,7
126.990154339865,37.2474367000001,227,199126.4693,516473.5169,199926.4693,516973.5169,23,7
126.990154925938,37.2429314748542,228,199126.4693,515973.5169,199926.4693,516473.5169,24,7
126.99015551188,37.2384262462724,229,199126.4693,515473.5169,199926.4693,515973.5169,25,7
126.990156097692,37.2339210142546,230,199126.4693,514973.5169,199926.4693,515473.5169,26,7
126.990156683373,37.229415778801,231,199126.4693,514473.5169,199926.4693,514973.5169,27,7
126.990157268924,37.2249105399118,232,199126.4693,513973.5169,199926.4693,514473.5169,28,7
126.999170089721,37.3510563375995,233,199926.4693,527973.5169,200726.4693,528473.5169,0,8
126.999170139308,37.3465511914571,234,199926.4693,527473.5169,200726.4693,527973.5169,1,8
126.999170188883,37.3420460418753,235,199926.4693,526973.5169,200726.4693,527473.5169,2,8
126.999170238448,37.3375408888543,236,199926.4693,526473.5169,200726.4693,526973.5169,3,8
126.999170288001,37.3330357323942,237,199926.4693,525973.5169,200726.4693,526473.5169,4,8
126.999170337544,37.3285305724951,238,199926.4693,525473.5169,200726.4693,525973.5169,5,8
126.999170387075,37.3240254091572,239,199926.4693,524973.5169,200726.4693,525473.5169,6,8
126.999170436596,37.3195202423806,240,199926.4693,524473.5169,200726.4693,524973.5169,7,8
126.999170486105,37.3150150721655,241,199926.4693,523973.5169,200726.4693,524473.5169,8,8
126.999170535603,37.3105098985121,242,199926.4693,523473.5169,200726.4693,523973.5169,9,8
126.999170585091,37.3060047214203,243,199926.4693,522973.5169,200726.4693,523473.5169,10,8
126.999170634567,37.3014995408905,244,199926.4693,522473.5169,200726.4693,522973.5169,11,8
126.999170684033,37.2969943569228,245,199926.4693,521973.5169,200726.4693,522473.5169,12,8
126.999170733487,37.2924891695172,246,199926.4693,521473.5169,200726.4693,521973.5169,13,8
126.99917078293,37.287983978674,247,199926.4693,520973.5169,200726.4693,521473.5169,14,8
126.999170832363,37.2834787843933,248,199926.4693,520473.5169,200726.4693,520973.5169,15,8
126.999170881784,37.2789735866752,249,199926.4693,519973.5169,200726.4693,520473.5169,16,8
126.999170931195,37.2744683855199,250,199926.4693,519473.5169,200726.4693,519973.5169,17,8
126.999170980594,37.2699631809275,251,199926.4693,518973.5169,200726.4693,519473.5169,18,8
126.999171029982,37.2654579728982,252,199926.4693,518473.5169,200726.4693,518973.5169,19,8
126.99917107936,37.2609527614321,253,199926.4693,517973.5169,200726.4693,518473.5169,20,8
126.999171128726,37.2564475465294,254,199926.4693,517473.5169,200726.4693,517973.5169,21,8
126.999171178082,37.2519423281902,255,199926.4693,516973.5169,200726.4693,517473.5169,22,8
126.999171227426,37.2474371064147,256,199926.4693,516473.5169,200726.4693,516973.5169,23,8
126.99917127676,37.2429318812029,257,199926.4693,515973.5169,200726.4693,516473.5169,24,8
126.999171326082,37.2384266525552,258,199926.4693,515473.5169,200726.4693,515973.5169,25,8
126.999171375394,37.2339214204715,259,199926.4693,514973.5169,200726.4693,515473.5169,26,8
126.999171424694,37.229416184952,260,199926.4693,514473.5169,200726.4693,514973.5169,27,8
126.999171473984,37.224910945997,261,199926.4693,513973.5169,200726.4693,514473.5169,28,8
127.008199355327,37.3510560563558,262,200726.4693,527973.5169,201526.4693,528473.5169,0,9
127.00819886542,37.346550910259,263,200726.4693,527473.5169,201526.4693,527973.5169,1,9
127.008198375623,37.3420457607228,264,200726.4693,526973.5169,201526.4693,527473.5169,2,9
127.008197885935,37.3375406077474,265,200726.4693,526473.5169,201526.4693,526973.5169,3,9
127.008197396355,37.3330354513328,266,200726.4693,525973.5169,201526.4693,526473.5169,4,9
127.008196906885,37.3285302914792,267,200726.4693,525473.5169,201526.4693,525973.5169,5,9
127.008196417523,37.3240251281869,268,200726.4693,524973.5169,201526.4693,525473.5169,6,9
127.008195928271,37.3195199614558,269,200726.4693,524473.5169,201526.4693,524973.5169,7,9
127.008195439127,37.3150147912863,270,200726.4693,523973.5169,201526.4693,524473.5169,8,9
127.008194950092,37.3105096176783,271,200726.4693,523473.5169,201526.4693,523973.5169,9,9
127.008194461166,37.3060044406321,272,200726.4693,522973.5169,201526.4693,523473.5169,10,9
127.008193972349,37.3014992601478,273,200726.4693,522473.5169,201526.4693,522973.5169,11,9
127.00819348364,37.2969940762255,274,200726.4693,521973.5169,201526.4693,522473.5169,12,9
127.00819299504,37.2924888888655,275,200726.4693,521473.5169,201526.4693,521973.5169,13,9
127.008192506549,37.2879836980678,276,200726.4693,520973.5169,201526.4693,521473.5169,14,9
127.008192018166,37.2834785038325,277,200726.4693,520473.5169,201526.4693,520973.5169,15,9
127.008191529892,37.2789733061599,278,200726.4693,519973.5169,201526.4693,520473.5169,16,9
127.008191041727,37.2744681050501,279,200726.4693,519473.5169,201526.4693,519973.5169,17,9
127.008190553671,37.2699629005032,280,200726.4693,518973.5169,201526.4693,519473.5169,18,9
127.008190065723,37.2654576925194,281,200726.4693,518473.5169,201526.4693,518973.5169,19,9
127.008189577883,37.2609524810988,282,200726.4693,517973.5169,201526.4693,518473.5169,20,9
127.008189090152,37.2564472662415,283,200726.4693,517473.5169,201526.4693,517973.5169,21,9
127.00818860253,37.2519420479478,284,200726.4693,516973.5169,201526.4693,517473.5169,22,9
127.008188115016,37.2474368262177,285,200726.4693,516473.5169,201526.4693,516973.5169,23,9
127.00818762761,37.2429316010514,286,200726.4693,515973.5169,201526.4693,516473.5169,24,9
127.008187140313,37.238426372449,287,200726.4693,515473.5169,201526.4693,515973.5169,25,9
127.008186653124,37.2339211404108,288,200726.4693,514973.5169,201526.4693,515473.5169,26,9
127.008186166044,37.2294159049367,289,200726.4693,514473.5169,201526.4693,514973.5169,27,9
127.008185679072,37.2249106660271,290,200726.4693,513973.5169,201526.4693,514473.5169,28,9
127.017228620654,37.3510550859359,291,201526.4693,527973.5169,202326.4693,528473.5169,0,10
127.017227591254,37.3465499399963,292,201526.4693,527473.5169,202326.4693,527973.5169,1,10
127.017226562084,37.3420447906173,293,201526.4693,526973.5169,202326.4693,527473.5169,2,10
127.017225533143,37.337539637799,294,201526.4693,526473.5169,202326.4693,526973.5169,3,10
127.017224504431,37.3330344815416,295,201526.4693,525973.5169,202326.4693,526473.5169,4,10
127.017223475948,37.3285293218452,296,201526.4693,525473.5169,202326.4693,525973.5169,5,10
127.017222447693,37.3240241587099,297,201526.4693,524973.5169,202326.4693,525473.5169,6,10
127.017221419667,37.319518992136,298,201526.4693,524473.5169,202326.4693,524973.5169,7,10
127.01722039187,37.3150138221235,299,201526.4693,523973.5169,202326.4693,524473.5169,8,10
127.017219364302,37.3105086486726,300,201526.4693,523473.5169,202326.4693,523973.5169,9,10
127.017218336962,37.3060034717835,301,201526.4693,522973.5169,202326.4693,523473.5169,10,10
127.017217309851,37.3014982914562,302,201526.4693,522473.5169,202326.4693,522973.5169,11,10
127.017216282969,37.296993107691,303,201526.4693,521973.5169,202326.4693,522473.5169,12,10
127.017215256315,37.2924879204879,304,201526.4693,521473.5169,202326.4693,521973.5169,13,10
127.017214229889,37.2879827298472,305,201526.4693,520973.5169,202326.4693,521473.5169,14,10
127.017213203692,37.2834775357689,306,201526.4693,520473.5169,202326.4693,520973.5169,15,10
127.017212177723,37.2789723382532,307,201526.4693,519973.5169,202326.4693,520473.5169,16,10
127.017211151982,37.2744671373003,308,201526.4693,519473.5169,202326.4693,519973.5169,17,10
127.017210126469,37.2699619329103,309,201526.4693,518973.5169,202326.4693,519473.5169,18,10
127.017209101185,37.2654567250834,310,201526.4693,518473.5169,202326.4693,518973.5169,19,10
127.017208076128,37.2609515138197,311,201526.4693,517973.5169,202326.4693,518473.5169,20,10
127.0172070513,37.2564462991192,312,201526.4693,517473.5169,202326.4693,517973.5169,21,10
127.0172060267,37.2519410809823,313,201526.4693,516973.5169,202326.4693,517473.5169,22,10
127.017205002327,37.247435859409,314,201526.4693,516473.5169,202326.4693,516973.5169,23,10
127.017203978183,37.2429306343995,315,201526.4693,515973.5169,202326.4693,516473.5169,24,10
127.017202954266,37.238425405954,316,201526.4693,515473.5169,202326.4693,515973.5169,25,10
127.017201930577,37.2339201740725,317,201526.4693,514973.5169,202326.4693,515473.5169,26,10
127.017200907116,37.2294149387552,318,201526.4693,514473.5169,202326.4693,514973.5169,27,10
127.017199883882,37.2249097000023,319,201526.4693,513973.5169,202326.4693,514473.5169,28,10
127.026257885394,37.3510534263398,320,202326.4693,527973.5169,203126.4693,528473.5169,0,11
127.026256316502,37.3465482806691,321,202326.4693,527473.5169,203126.4693,527973.5169,1,11
127.026254747959,37.3420431315589,322,202326.4693,526973.5169,203126.4693,527473.5169,2,11
127.026253179765,37.3375379790094,323,202326.4693,526473.5169,203126.4693,526973.5169,3,11
127.02625161192,37.3330328230208,324,202326.4693,525973.5169,203126.4693,526473.5169,4,11
127.026250044424,37.3285276635931,325,202326.4693,525473.5169,203126.4693,525973.5169,5,11
127.026248477277,37.3240225007266,326,202326.4693,524973.5169,203126.4693,525473.5169,6,11
127.026246910478,37.3195173344213,327,202326.4693,524473.5169,203126.4693,524973.5169,7,11
127.026245344028,37.3150121646775,328,202326.4693,523973.5169,203126.4693,524473.5169,8,11
127.026243777927,37.3105069914952,329,202326.4693,523473.5169,203126.4693,523973.5169,9,11
127.026242212174,37.3060018148746,330,202326.4693,522973.5169,203126.4693,523473.5169,10,11
127.026240646769,37.3014966348159,331,202326.4693,522473.5169,203126.4693,522973.5169,11,11
127.026239081713,37.2969914513192,332,202326.4693,521973.5169,203126.4693,522473.5169,12,11
127.026237517005,37.2924862643846,333,202326.4693,521473.5169,203126.4693,521973.5169,13,11
127.026235952645,37.2879810740124,334,202326.4693,520973.5169,203126.4693,521473.5169,14,11
127.026234388632,37.2834758802025,335,202326.4693,520473.5169,203126.4693,520973.5169,15,11
127.026232824968,37.2789706829552,336,202326.4693,519973.5169,203126.4693,520473.5169,16,11
127.026231261652,37.2744654822707,337,202326.4693,519473.5169,203126.4693,519973.5169,17,11
127.026229698684,37.269960278149,338,202326.4693,518973.5169,203126.4693,519473.5169,18,11
127.026228136063,37.2654550705904,339,202326.4693,518473.5169,203126.4693,518973.5169,19,11
127.02622657379,37.2609498595949,340,202326.4693,517973.5169,203126.4693,518473.5169,20,11
127.026225011864,37.2564446451627,341,202326.4693,517473.5169,203126.4693,517973.5169,21,11
127.026223450286,37.251939427294,342,202326.4693,516973.5169,203126.4693,517473.5169,22,11
127.026221889056,37.2474342059889,343,202326.4693,516473.5169,203126.4693,516973.5169,23,11
127.026220328172,37.2429289812475,344,202326.4693,515973.5169,203126.4693,516473.5169,24,11
127.026218767636,37.2384237530701,345,202326.4693,515473.5169,203126.4693,515973.5169,25,11
127.026217207447,37.2339185214567,346,202326.4693,514973.5169,203126.4693,515473.5169,26,11
127.026215647605,37.2294132864074,347,202326.4693,514473.5169,203126.4693,514973.5169,27,11
127.02621408811,37.2249080479225,348,202326.4693,513973.5169,203126.4693,514473.5169,28,11
127.03528714924,37.3510510775677,349,203126.4693,527973.5169,203926.4693,528473.5169,0,12
127.035285040856,37.3465459322774,350,203126.4693,527473.5169,203926.4693,527973.5169,1,12
127.03528293294,37.3420407835478,351,203126.4693,526973.5169,203926.4693,527473.5169,2,12
127.035280825494,37.3375356313787,352,203126.4693,526473.5169,203926.4693,526973.5169,3,12
127.035278718517,37.3330304757705,353,203126.4693,525973.5169,203926.4693,526473.5169,4,12
127.035276612008,37.3285253167231,354,203126.4693,525473.5169,203926.4693,525973.5169,5,12
127.035274505968,37.3240201542369,355,203126.4693,524973.5169,203926.4693,525473.5169,6,12
127.035272400397,37.3195149883119,356,203126.4693,524473.5169,203926.4693,524973.5169,7,12
127.035270295294,37.3150098189483,357,203126.4693,523973.5169,203926.4693,524473.5169,8,12
127.03526819066,37.3105046461462,358,203126.4693,523473.5169,203926.4693,523973.5169,9,12
127.035266086493,37.3059994699057,359,203126.4693,522973.5169,203926.4693,523473.5169,10,12
127.035263982795,37.3014942902271,360,203126.4693,522473.5169,203926.4693,522973.5169,11,12
127.035261879565,37.2969891071104,361,203126.4693,521973.5169,203926.4693,522473.5169,12,12
127.035259776803,37.2924839205558,362,203126.4693,521473.5169,203926.4693,521973.5169,13,12
127.035257674509,37.2879787305635,363,203126.4693,520973.5169,203926.4693,521473.5169,14,12
127.035255572683,37.2834735371335,364,203126.4693,520473.5169,203926.4693,520973.5169,15,12
127.035253471324,37.2789683402661,365,203126.4693,519973.5169,203926.4693,520473.5169,16,12
127.035251370432,37.2744631399613,366,203126.4693,519473.5169,203926.4693,519973.5169,17,12
127.035249270008,37.2699579362194,367,203126.4693,518973.5169,203926.4693,519473.5169,18,12
127.035247170051,37.2654527290405,368,203126.4693,518473.5169,203926.4693,518973.5169,19,12
127.035245070562,37.2609475184247,369,203126.4693,517973.5169,203926.4693,518473.5169,20,12
127.035242971539,37.2564423043722,370,203126.4693,517473.5169,203926.4693,517973.5169,21,12
127.035240872984,37.251937086883,371,203126.4693,516973.5169,203926.4693,517473.5169,22,12
127.035238774895,37.2474318659575,372,203126.4693,516473.5169,203926.4693,516973.5169,23,12
127.035236677273,37.2429266415956,373,203126.4693,515973.5169,203926.4693,516473.5169,24,12
127.035234580117,37.2384214137976,374,203126.4693,515473.5169,203926.4693,515973.5169,25,12
127.035232483428,37.2339161825636,375,203126.4693,514973.5169,203926.4693,515473.5169,26,12
127.035230387206,37.2294109478937,376,203126.4693,514473.5169,203926.4693,514973.5169,27,12
127.03522829145,37.2249057097881,377,203126.4693,513973.5169,203926.4693,514473.5169,28,12
127.044316411885,37.3510480396198,378,203926.4693,527973.5169,204726.4693,528473.5169,0,13
127.044313764009,37.3465428948217,379,203926.4693,527473.5169,204726.4693,527973.5169,1,13
127.044311116721,37.3420377465842,380,203926.4693,526973.5169,204726.4693,527473.5169,2,13
127.044308470023,37.3375325949072,381,203926.4693,526473.5169,204726.4693,526973.5169,3,13
127.044305823913,37.3330274397909,382,203926.4693,525973.5169,204726.4693,526473.5169,4,13
127.044303178392,37.3285222812355,383,203926.4693,525473.5169,204726.4693,525973.5169,5,13
127.04430053346,37.3240171192412,384,203926.4693,524973.5169,204726.4693,525473.5169,6,13
127.044297889116,37.319511953808,385,203926.4693,524473.5169,204726.4693,524973.5169,7,13
127.044295245361,37.3150067849361,386,203926.4693,523973.5169,204726.4693,524473.5169,8,13
127.044292602194,37.3105016126257,387,203926.4693,523473.5169,204726.4693,523973.5169,9,13
127.044289959615,37.3059964368769,388,203926.4693,522973.5169,204726.4693,523473.5169,10,13
127.044287317623,37.3014912576899,389,203926.4693,522473.5169,204726.4693,522973.5169,11,13
127.04428467622,37.2969860750647,390,203926.4693,521973.5169,204726.4693,522473.5169,12,13
127.044282035404,37.2924808890016,391,203926.4693,521473.5169,204726.4693,521973.5169,13,13
127.044279395176,37.2879756995007,392,203926.4693,520973.5169,204726.4693,521473.5169,14,13
127.044276755536,37.2834705065621,393,203926.4693,520473.5169,204726.4693,520973.5169,15,13
127.044274116482,37.278965310186,394,203926.4693,519973.5169,204726.4693,520473.5169,16,13
127.044271478016,37.2744601103725,395,203926.4693,519473.5169,204726.4693,519973.5169,17,13
127.044268840136,37.2699549071218,396,203926.4693,518973.5169,204726.4693,519473.5169,18,13
127.044266202844,37.265449700434,397,203926.4693,518473.5169,204726.4693,518973.5169,19,13
127.044263566138,37.2609444903093,398,203926.4693,517973.5169,204726.4693,518473.5169,20,13
127.044260930019,37.2564392767478,399,203926.4693,517473.5169,204726.4693,517973.5169,21,13
127.044258294486,37.2519340597496,400,203926.4693,516973.5169,204726.4693,517473.5169,22,13
127.044255659539,37.2474288393149,401,203926.4693,516473.5169,204726.4693,516973.5169,23,13
127.044253025179,37.2429236154439,402,203926.4693,515973.5169,204726.4693,516473.5169,24,13
127.044250391404,37.2384183881367,403,203926.4693,515473.5169,204726.4693,515973.5169,25,13
127.044247758216,37.2339131573934,404,203926.4693,514973.5169,204726.4693,515473.5169,26,13
127.044245125613,37.2294079232142,405,203926.4693,514473.5169,204726.4693,514973.5169,27,13
127.044242493596,37.2249026855992,406,203926.4693,513973.5169,204726.4693,514473.5169,28,13
127.053345673022,37.3510443124964,407,204726.4693,527973.5169,205526.4693,528473.5169,0,14
127.053342485653,37.3465391683022,408,204726.4693,527473.5169,205526.4693,527973.5169,1,14
127.053339298994,37.3420340206684,409,204726.4693,526973.5169,205526.4693,527473.5169,2,14
127.053336113043,37.3375288695951,410,204726.4693,526473.5169,205526.4693,526973.5169,3,14
127.053332927802,37.3330237150824,411,204726.4693,525973.5169,205526.4693,526473.5169,4,14
127.053329743269,37.3285185571306,412,204726.4693,525473.5169,205526.4693,525973.5169,5,14
127.053326559445,37.3240133957397,413,204726.4693,524973.5169,205526.4693,525473.5169,6,14
127.053323376329,37.3195082309099,414,204726.4693,524473.5169,205526.4693,524973.5169,7,14
127.053320193922,37.3150030626414,415,204726.4693,523973.5169,205526.4693,524473.5169,8,14
127.053317012222,37.3104978909343,416,204726.4693,523473.5169,205526.4693,523973.5169,9,14
127.053313831231,37.3059927157887,417,204726.4693,522973.5169,205526.4693,523473.5169,10,14
127.053310650947,37.3014875372047,418,204726.4693,522473.5169,205526.4693,522973.5169,11,14
127.05330747137,37.2969823551826,419,204726.4693,521973.5169,205526.4693,522473.5169,12,14
127.053304292502,37.2924771697225,420,204726.4693,521473.5169,205526.4693,521973.5169,13,14
127.05330111434,37.2879719808245,421,204726.4693,520973.5169,205526.4693,521473.5169,14,14
127.053297936885,37.2834667884887,422,204726.4693,520473.5169,205526.4693,520973.5169,15,14
127.053294760138,37.2789615927154,423,204726.4693,519973.5169,205526.4693,520473.5169,16,14
127.053291584097,37.2744563935046,424,204726.4693,519473.5169,205526.4693,519973.5169,17,14
127.053288408762,37.2699511908565,425,204726.4693,518973.5169,205526.4693,519473.5169,18,14
127.053285234134,37.2654459847712,426,204726.4693,518473.5169,205526.4693,518973.5169,19,14
127.053282060212,37.260940775249,427,204726.4693,517973.5169,205526.4693,518473.5169,20,14
127.053278886997,37.2564355622899,428,204726.4693,517473.5169,205526.4693,517973.5169,21,14
127.053275714487,37.251930345894,429,204726.4693,516973.5169,205526.4693,517473.5169,22,14
127.053272542683,37.2474251260616,430,204726.4693,516473.5169,205526.4693,516973.5169,23,14
127.053269371585,37.2429199027928,431,204726.4693,515973.5169,205526.4693,516473.5169,24,14
127.053266201192,37.2384146760877,432,204726.4693,515473.5169,205526.4693,515973.5169,25,14
127.053263031504,37.2339094459465,433,204726.4693,514973.5169,205526.4693,515473.5169,26,14
127.053259862521,37.2294042123693,434,204726.4693,514473.5169,205526.4693,514973.5169,27,14
127.053256694244,37.2248989753562,435,204726.4693,513973.5169,205526.4693,514473.5169,28,14
127.062374932342,37.351039896198,436,205526.4693,527973.5169,206326.4693,528473.5169,0,15
127.062371205482,37.3465347527193,437,205526.4693,527473.5169,206326.4693,527973.5169,1,15
127.062367479451,37.3420296058009,438,205526.4693,526973.5169,206326.4693,527473.5169,2,15
127.062363754249,37.3375244554429,439,205526.4693,526473.5169,206326.4693,526973.5169,3,15
127.062360029877,37.3330193016455,440,205526.4693,525973.5169,206326.4693,526473.5169,4,15
127.062356306332,37.3285141444088,441,205526.4693,525473.5169,206326.4693,525973.5169,5,15
127.062352583617,37.3240089837329,442,205526.4693,524973.5169,206326.4693,525473.5169,6,15
127.062348861729,37.3195038196181,443,205526.4693,524473.5169,206326.4693,524973.5169,7,15
127.06234514067,37.3149986520645,444,205526.4693,523973.5169,206326.4693,524473.5169,8,15
127.062341420438,37.3104934810722,445,205526.4693,523473.5169,206326.4693,523973.5169,9,15
127.062337701035,37.3059883066413,446,205526.4693,522973.5169,206326.4693,523473.5169,10,15
127.062333982459,37.301483128772,447,205526.4693,522473.5169,206326.4693,522973.5169,11,15
127.06233026471,37.2969779474644,448,205526.4693,521973.5169,206326.4693,522473.5169,12,15
127.062326547788,37.2924727627187,449,205526.4693,521473.5169,206326.4693,521973.5169,13,15
127.062322831693,37.2879675745351,450,205526.4693,520973.5169,206326.4693,521473.5169,14,15
127.062319116425,37.2834623829137,451,205526.4693,520473.5169,206326.4693,520973.5169,15,15
127.062315401984,37.2789571878545,452,205526.4693,519973.5169,206326.4693,520473.5169,16,15
127.062311688369,37.2744519893579,453,205526.4693,519473.5169,206326.4693,519973.5169,17,15
127.06230797558,37.2699467874238,454,205526.4693,518973.5169,206326.4693,519473.5169,18,15
127.062304263617,37.2654415820526,455,205526.4693,518473.5169,206326.4693,518973.5169,19,15
127.062300552479,37.2609363732442,456,205526.4693,517973.5169,206326.4693,518473.5169,20,15
127.062296842168,37.2564311609989,457,205526.4693,517473.5169,206326.4693,517973.5169,21,15
127.062293132682,37.2519259453168,458,205526.4693,516973.5169,206326.4693,517473.5169,22,15
127.062289424021,37.247420726198,459,205526.4693,516473.5169,206326.4693,516973.5169,23,15
127.062285716185,37.2429155036427,460,205526.4693,515973.5169,206326.4693,516473.5169,24,15
127.062282009173,37.2384102776511,461,205526.4693,515473.5169,206326.4693,515973.5169,25,15
127.062278302987,37.2339050482232,462,205526.4693,514973.5169,206326.4693,515473.5169,26,15
127.062274597625,37.2293998153593,463,205526.4693,514473.5169,206326.4693,514973.5169,27,15
127.062270893087,37.2248945790595,464,205526.4693,513973.5169,206326.4693,514473.5169,28,15
127.071404189539,37.3510347907251,465,206326.4693,527973.5169,207126.4693,528473.5169,0,16
127.071399923188,37.3465296480735,466,206326.4693,527473.5169,207126.4693,527973.5169,1,16
127.071395657786,37.3420245019821,467,206326.4693,526973.5169,207126.4693,527473.5169,2,16
127.071391393334,37.337519352451,468,206326.4693,526473.5169,207126.4693,526973.5169,3,16
127.07138712983,37.3330141994804,469,206326.4693,525973.5169,207126.4693,526473.5169,4,16
127.071382867275,37.3285090430705,470,206326.4693,525473.5169,207126.4693,525973.5169,5,16
127.071378605668,37.3240038832213,471,206326.4693,524973.5169,207126.4693,525473.5169,6,16
127.071374345009,37.319498719933,472,206326.4693,524473.5169,207126.4693,524973.5169,7,16
127.071370085299,37.3149935532058,473,206326.4693,523973.5169,207126.4693,524473.5169,8,16
127.071365826536,37.3104883830398,474,206326.4693,523473.5169,207126.4693,523973.5169,9,16
127.071361568721,37.3059832094352,475,206326.4693,522973.5169,207126.4693,523473.5169,10,16
127.071357311853,37.3014780323921,476,206326.4693,522473.5169,207126.4693,522973.5169,11,16
127.071353055932,37.2969728519106,477,206326.4693,521973.5169,207126.4693,522473.5169,12,16
127.071348800958,37.2924676679909,478,206326.4693,521473.5169,207126.4693,521973.5169,13,16
127.07134454693,37.2879624806331,479,206326.4693,520973.5169,207126.4693,521473.5169,14,16
127.071340293849,37.2834572898374,480,206326.4693,520473.5169,207126.4693,520973.5169,15,16
127.071336041714,37.278952095604,481,206326.4693,519973.5169,207126.4693,520473.5169,16,16
127.071331790526,37.2744468979329,482,206326.4693,519473.5169,207126.4693,519973.5169,17,16
127.071327540283,37.2699416968243,483,206326.4693,518973.5169,207126.4693,519473.5169,18,16
127.071323290985,37.2654364922784,484,206326.4693,518473.5169,207126.4693,518973.5169,19,16
127.071319042633,37.2609312842954,485,206326.4693,517973.5169,207126.4693,518473.5169,20,16
127.071314795226,37.2564260728752,486,206326.4693,517473.5169,207126.4693,517973.5169,21,16
127.071310548764,37.2519208580182,487,206326.4693,516973.5169,207126.4693,517473.5169,22,16
127.071306303246,37.2474156397244,488,206326.4693,516473.5169,207126.4693,516973.5169,23,16
127.071302058673,37.242910417994,489,206326.4693,515973.5169,207126.4693,516473.5169,24,16
127.071297815044,37.2384051928272,490,206326.4693,515473.5169,207126.4693,515973.5169,25,16
127.071293572359,37.2338999642241,491,206326.4693,514973.5169,207126.4693,515473.5169,26,16
127.071289330618,37.2293947321848,492,206326.4693,514473.5169,207126.4693,514973.5169,27,16
127.071285089821,37.2248894967094,493,206326.4693,513973.5169,207126.4693,514473.5169,28,16
127.080433444305,37.351028996078,494,207126.4693,527973.5169,207926.4693,528473.5169,0,17
127.080428638464,37.3465238543652,495,207126.4693,527473.5169,207926.4693,527973.5169,1,17
127.080423833692,37.3420187092125,496,207126.4693,526973.5169,207926.4693,527473.5169,2,17
127.080419029989,37.33751356062,497,207126.4693,526473.5169,207926.4693,526973.5169,3,17
127.080414227355,37.3330084085879,498,207126.4693,525973.5169,207926.4693,526473.5169,4,17
127.080409425789,37.3285032531163,499,207126.4693,525473.5169,207926.4693,525973.5169,5,17
127.080404625292,37.3239980942053,500,207126.4693,524973.5169,207926.4693,525473.5169,6,17
127.080399825863,37.3194929318552,501,207126.4693,524473.5169,207926.4693,524973.5169,7,17
127.080395027501,37.314987766066,502,207126.4693,523973.5169,207926.4693,524473.5169,8,17
127.080390230208,37.3104825968379,503,207126.4693,523473.5169,207926.4693,523973.5169,9,17
127.080385433981,37.3059774241711,504,207126.4693,522973.5169,207926.4693,523473.5169,10,17
127.080380638822,37.3014722480656,505,207126.4693,522473.5169,207926.4693,522973.5169,11,17
127.08037584473,37.2969670685217,506,207126.4693,521973.5169,207926.4693,522473.5169,12,17
127.080371051704,37.2924618855394,507,207126.4693,521473.5169,207926.4693,521973.5169,13,17
127.080366259744,37.287956699119,508,207126.4693,520973.5169,207926.4693,521473.5169,14,17
127.080361468851,37.2834515092606,509,207126.4693,520473.5169,207926.4693,520973.5169,15,17
127.080356679023,37.2789463159642,510,207126.4693,519973.5169,207926.4693,520473.5169,16,17
127.080351890262,37.2744411192302,511,207126.4693,519473.5169,207926.4693,519973.5169,17,17
127.080347102565,37.2699359190585,512,207126.4693,518973.5169,207926.4693,519473.5169,18,17
127.080342315934,37.2654307154494,513,207126.4693,518473.5169,207926.4693,518973.5169,19,17
127.080337530367,37.260925508403,514,207126.4693,517973.5169,207926.4693,518473.5169,20,17
127.080332745865,37.2564202979195,515,207126.4693,517473.5169,207926.4693,517973.5169,21,17
127.080327962427,37.2519150839989,516,207126.4693,516973.5169,207926.4693,517473.5169,22,17
127.080323180054,37.2474098666415,517,207126.4693,516473.5169,207926.4693,516973.5169,23,17
127.080318398744,37.2429046458474,518,207126.4693,515973.5169,207926.4693,516473.5169,24,17
127.080313618498,37.2383994216167,519,207126.4693,515473.5169,207926.4693,515973.5169,25,17
127.080308839316,37.2338941939496,520,207126.4693,514973.5169,207926.4693,515473.5169,26,17
127.080304061196,37.2293889628462,521,207126.4693,514473.5169,207926.4693,514973.5169,27,17
127.080299284139,37.2248837283067,522,207126.4693,513973.5169,207926.4693,514473.5169,28,17
127.089462696333,37.3510225122576,523,207926.4693,527973.5169,208726.4693,528473.5169,0,18
127.089457351002,37.3465173715952,524,207926.4693,527473.5169,208726.4693,527973.5169,1,18
127.08945200686,37.3420122274928,525,207926.4693,526973.5169,208726.4693,527473.5169,2,18
127.089446663908,37.3375070799505,526,207926.4693,526473.5169,208726.4693,526973.5169,3,18
127.089441322144,37.3330019289684,527,207926.4693,525973.5169,208726.4693,526473.5169,4,18
127.089435981568,37.3284967745467,528,207926.4693,525473.5169,208726.4693,525973.5169,5,18
127.089430642181,37.3239916166856,529,207926.4693,524973.5169,208726.4693,525473.5169,6,18
127.089425303982,37.3194864553852,530,207926.4693,524473.5169,208726.4693,524973.5169,7,18
127.089419966971,37.3149812906455,531,207926.4693,523973.5169,208726.4693,524473.5169,8,18
127.089414631147,37.3104761224669,532,207926.4693,523473.5169,208726.4693,523973.5169,9,18
127.08940929651,37.3059709508494,533,207926.4693,522973.5169,208726.4693,523473.5169,10,18
127.08940396306,37.3014657757931,534,207926.4693,522473.5169,208726.4693,522973.5169,11,18
127.089398630797,37.2969605972983,535,207926.4693,521973.5169,208726.4693,522473.5169,12,18
127.08939329972,37.292455415365,536,207926.4693,521473.5169,208726.4693,521973.5169,13,18
127.089387969829,37.2879502299934,537,207926.4693,520973.5169,208726.4693,521473.5169,14,18
127.089382641124,37.2834450411837,538,207926.4693,520473.5169,208726.4693,520973.5169,15,18
127.089377313605,37.2789398489359,539,207926.4693,519973.5169,208726.4693,520473.5169,16,18
127.08937198727,37.2744346532503,540,207926.4693,519473.5169,208726.4693,519973.5169,17,18
127.089366662121,37.269929454127,541,207926.4693,518973.5169,208726.4693,519473.5169,18,18
127.089361338156,37.2654242515661,542,207926.4693,518473.5169,208726.4693,518973.5169,19,18
127.089356015376,37.2609190455678,543,207926.4693,517973.5169,208726.4693,518473.5169,20,18
127.089350693779,37.2564138361322,544,207926.4693,517473.5169,208726.4693,517973.5169,21,18
127.089345373367,37.2519086232595,545,207926.4693,516973.5169,208726.4693,517473.5169,22,18
127.089340054138,37.2474034069498,546,207926.4693,516473.5169,208726.4693,516973.5169,23,18
127.089334736093,37.2428981872033,547,207926.4693,515973.5169,208726.4693,516473.5169,24,18
127.08932941923,37.2383929640201,548,207926.4693,515473.5169,208726.4693,515973.5169,25,18
127.08932410355,37.2338877374003,549,207926.4693,514973.5169,208726.4693,515473.5169,26,18
127.089318789053,37.2293825073441,550,207926.4693,514473.5169,208726.4693,514973.5169,27,18
127.089313475738,37.2248772738517,551,207926.4693,513973.5169,208726.4693,514473.5169,28,18
