station_id,network,longitude,latitude,elevation_m,year,valid_tmax_days,valid_tmin_days,h02_mean_daily_max_c,h03_mean_daily_min_c,h04_heatwave_days,h05_tropical_nights,h06_wsdi_days,h07_annual_max_daily_max_c,h08_tx90p_days,h09_maximum_warm_spell_days,baseline_years,percentile_baseline_status,quality_status
90,ASOS,128.56473,38.25085,17.53,2021,358,0,17.006424581005582,,1,0,0,33,52,4,30,PASS,INSUFFICIENT_DAYS
90,ASOS,128.56473,38.25085,17.53,2022,358,0,16.697765363128493,,3,0,0,35.1,50,4,30,PASS,INSUFFICIENT_DAYS
90,ASOS,128.56473,38.25085,17.53,2023,356,0,17.477528089887635,,11,0,0,36.2,62,5,30,PASS,INSUFFICIENT_DAYS
90,ASOS,128.56473,38.25085,17.53,2024,359,0,17.673537604456833,,12,0,0,35.1,75,5,30,PASS,INSUFFICIENT_DAYS
90,ASOS,128.56473,38.25085,17.53,2025,358,0,17.449720670391063,,8,0,14,34.4,75,8,30,PASS,INSUFFICIENT_DAYS
93,ASOS,127.75443,37.94738,95.78,2021,358,0,17.758659217877092,,17,0,,36.4,,,4,INSUFFICIENT_BASELINE,INSUFFICIENT_DAYS
93,ASOS,127.75443,37.94738,95.78,2022,358,0,17.29720670391062,,11,0,,35.1,,,4,INSUFFICIENT_BASELINE,INSUFFICIENT_DAYS
93,ASOS,127.75443,37.94738,95.78,2023,358,0,18.004748603351963,,21,0,,34.7,,,4,INSUFFICIENT_BASELINE,INSUFFICIENT_DAYS
93,ASOS,127.75443,37.94738,95.78,2024,359,0,18.827855153203338,,25,0,,36.1,,,4,INSUFFICIENT_BASELINE,INSUFFICIENT_DAYS
93,ASOS,127.75443,37.94738,95.78,2025,358,0,17.77849162011173,,22,0,,37,,,4,INSUFFICIENT_BASELINE,INSUFFICIENT_DAYS
95,ASOS,127.3042,38.14787,155.48,2021,358,0,17.19832402234637,,11,0,23,35.2,77,9,30,PASS,INSUFFICIENT_DAYS
95,ASOS,127.3042,38.14787,155.48,2022,358,0,16.47513966480448,,2,0,0,34,44,5,30,PASS,INSUFFICIENT_DAYS
95,ASOS,127.3042,38.14787,155.48,2023,358,0,17.244692737430178,,3,0,20,33,69,8,30,PASS,INSUFFICIENT_DAYS
95,ASOS,127.3042,38.14787,155.48,2024,359,0,18.050417827298055,,18,0,19,35.6,98,11,30,PASS,INSUFFICIENT_DAYS
95,ASOS,127.3042,38.14787,155.48,2025,358,0,16.9304469273743,,11,0,18,35.3,63,6,30,PASS,INSUFFICIENT_DAYS
98,ASOS,127.0607,37.90188,115.62,2021,358,0,17.937430167597768,,10,0,,35.7,,,23,INSUFFICIENT_BASELINE,INSUFFICIENT_DAYS
98,ASOS,127.0607,37.90188,115.62,2022,358,0,17.39385474860335,,4,0,,34.2,,,23,INSUFFICIENT_BASELINE,INSUFFICIENT_DAYS
98,ASOS,127.0607,37.90188,115.62,2023,358,0,18.045251396648048,,5,0,,33.7,,,23,INSUFFICIENT_BASELINE,INSUFFICIENT_DAYS
98,ASOS,127.0607,37.90188,115.62,2024,356,0,18.656460674157316,,10,0,,34.8,,,23,INSUFFICIENT_BASELINE,INSUFFICIENT_DAYS
98,ASOS,127.0607,37.90188,115.62,2025,357,0,17.709803921568625,,13,0,,35.5,,,23,INSUFFICIENT_BASELINE,INSUFFICIENT_DAYS
99,ASOS,126.76648,37.88589,30.59,2021,358,0,17.53631284916201,,10,0,,34.7,,,19,INSUFFICIENT_BASELINE,INSUFFICIENT_DAYS
99,ASOS,126.76648,37.88589,30.59,2022,358,0,16.76787709497208,,2,0,,33.3,,,19,INSUFFICIENT_BASELINE,INSUFFICIENT_DAYS
99,ASOS,126.76648,37.88589,30.59,2023,358,0,17.500279329608933,,2,0,,33.1,,,19,INSUFFICIENT_BASELINE,INSUFFICIENT_DAYS
99,ASOS,126.76648,37.88589,30.59,2024,358,0,18.289664804469304,,14,0,,34.9,,,19,INSUFFICIENT_BASELINE,INSUFFICIENT_DAYS
99,ASOS,126.76648,37.88589,30.59,2025,357,0,17.172268907563026,,10,0,,34.7,,,19,INSUFFICIENT_BASELINE,INSUFFICIENT_DAYS
100,ASOS,128.71834,37.67713,772.43,2021,358,0,12.963128491620125,,0,0,0,30.1,58,4,30,PASS,INSUFFICIENT_DAYS
100,ASOS,128.71834,37.67713,772.43,2022,358,0,12.93575418994414,,0,0,7,30,66,7,30,PASS,INSUFFICIENT_DAYS
100,ASOS,128.71834,37.67713,772.43,2023,358,0,13.751955307262588,,0,0,20,31.4,77,8,30,PASS,INSUFFICIENT_DAYS
100,ASOS,128.71834,37.67713,772.43,2024,359,0,13.762952646239558,,0,0,13,31.1,87,7,30,PASS,INSUFFICIENT_DAYS
100,ASOS,128.71834,37.67713,772.43,2025,352,0,13.470738636363642,,0,0,23,32.8,83,10,30,PASS,INSUFFICIENT_DAYS
101,ASOS,127.7357,37.90262,75.82,2021,358,0,18.279329608938554,,20,0,8,36.4,73,8,30,PASS,INSUFFICIENT_DAYS
101,ASOS,127.7357,37.90262,75.82,2022,358,0,18.02569832402233,,11,0,0,35.2,55,4,30,PASS,INSUFFICIENT_DAYS
101,ASOS,127.7357,37.90262,75.82,2023,358,0,18.20167597765363,,18,0,8,34.7,57,8,30,PASS,INSUFFICIENT_DAYS
101,ASOS,127.7357,37.90262,75.82,2024,356,0,19.033146067415725,,23,0,9,35.3,80,9,30,PASS,INSUFFICIENT_DAYS
101,ASOS,127.7357,37.90262,75.82,2025,355,0,18.073802816901402,,25,0,19,36.9,72,7,30,PASS,INSUFFICIENT_DAYS
102,ASOS,124.71237,37.97396,36,2021,358,0,15.452513966480444,,0,0,,31.4,,,20,INSUFFICIENT_BASELINE,INSUFFICIENT_DAYS
102,ASOS,124.71237,37.97396,36,2022,358,0,14.450279329608943,,0,0,,31.5,,,20,INSUFFICIENT_BASELINE,INSUFFICIENT_DAYS
102,ASOS,124.71237,37.97396,36,2023,358,0,15.260893854748607,,0,0,,30.1,,,20,INSUFFICIENT_BASELINE,INSUFFICIENT_DAYS
102,ASOS,124.71237,37.97396,36,2024,359,0,15.99387186629527,,0,0,,30.8,,,20,INSUFFICIENT_BASELINE,INSUFFICIENT_DAYS
102,ASOS,124.71237,37.97396,36,2025,358,0,15.285754189944129,,0,0,,32,,,20,INSUFFICIENT_BASELINE,INSUFFICIENT_DAYS
104,ASOS,128.85535,37.80456,75.24,2021,358,0,17.1086592178771,,1,0,,33.2,,,12,INSUFFICIENT_BASELINE,INSUFFICIENT_DAYS
104,ASOS,128.85535,37.80456,75.24,2022,358,0,17.115921787709485,,5,0,,34.5,,,12,INSUFFICIENT_BASELINE,INSUFFICIENT_DAYS
104,ASOS,128.85535,37.80456,75.24,2023,358,0,17.88910614525141,,6,0,,35.2,,,12,INSUFFICIENT_BASELINE,INSUFFICIENT_DAYS
104,ASOS,128.85535,37.80456,75.24,2024,359,0,18.065181058495803,,11,0,,36.2,,,12,INSUFFICIENT_BASELINE,INSUFFICIENT_DAYS
104,ASOS,128.85535,37.80456,75.24,2025,358,0,18.298603351955308,,26,0,,37.1,,,12,INSUFFICIENT_BASELINE,INSUFFICIENT_DAYS
105,ASOS,128.89099,37.75147,27.12,2021,358,0,19.04804469273743,,9,0,0,36.2,63,5,30,PASS,INSUFFICIENT_DAYS
105,ASOS,128.89099,37.75147,27.12,2022,358,0,19.086592178770946,,12,0,6,37.5,70,6,30,PASS,INSUFFICIENT_DAYS
105,ASOS,128.89099,37.75147,27.12,2023,358,0,19.77346368715084,,19,0,12,38.3,90,6,30,PASS,INSUFFICIENT_DAYS
105,ASOS,128.89099,37.75147,27.12,2024,358,0,19.13519553072626,,26,0,0,37.2,74,5,30,PASS,INSUFFICIENT_DAYS
105,ASOS,128.89099,37.75147,27.12,2025,358,0,19.206424581005592,,38,0,19,38.3,91,11,30,PASS,INSUFFICIENT_DAYS
106,ASOS,129.12433,37.50709,40.46,2021,358,0,17.13770949720671,,0,0,0,31.9,46,4,28,PASS,INSUFFICIENT_DAYS
106,ASOS,129.12433,37.50709,40.46,2022,358,0,17.31340782122905,,3,0,0,33.4,52,4,28,PASS,INSUFFICIENT_DAYS
106,ASOS,129.12433,37.50709,40.46,2023,358,0,18.007821229050283,,7,0,7,35,72,7,28,PASS,INSUFFICIENT_DAYS
106,ASOS,129.12433,37.50709,40.46,2024,357,0,18.64705882352941,,13,0,8,37.7,97,8,28,PASS,INSUFFICIENT_DAYS
106,ASOS,129.12433,37.50709,40.46,2025,358,0,18.34301675977653,,11,0,20,37,92,14,28,PASS,INSUFFICIENT_DAYS
108,ASOS,126.9658,37.57142,85.67,2021,358,0,18.32150837988827,,17,0,8,36.3,78,8,30,PASS,INSUFFICIENT_DAYS
108,ASOS,126.9658,37.57142,85.67,2022,358,0,17.875418994413412,,8,0,0,35.6,54,5,30,PASS,INSUFFICIENT_DAYS
108,ASOS,126.9658,37.57142,85.67,2023,358,0,18.616759776536327,,15,0,28,35.8,70,8,30,PASS,INSUFFICIENT_DAYS
108,ASOS,126.9658,37.57142,85.67,2024,359,0,19.364345403899716,,27,0,21,36.3,97,8,30,PASS,INSUFFICIENT_DAYS
108,ASOS,126.9658,37.57142,85.67,2025,358,0,18.456145251396634,,25,0,23,37.6,82,8,30,PASS,INSUFFICIENT_DAYS
112,ASOS,126.6249,37.47772,68.99,2021,358,0,17.013407821229045,,7,0,17,34,76,10,30,PASS,INSUFFICIENT_DAYS
112,ASOS,126.6249,37.47772,68.99,2022,358,0,16.160335195530717,,2,0,0,35.1,33,5,30,PASS,INSUFFICIENT_DAYS
112,ASOS,126.6249,37.47772,68.99,2023,358,0,17.00251396648044,,3,0,6,34.6,48,6,30,PASS,INSUFFICIENT_DAYS
112,ASOS,126.6249,37.47772,68.99,2024,359,0,17.838440111420606,,10,0,21,35.5,82,8,30,PASS,INSUFFICIENT_DAYS
112,ASOS,126.6249,37.47772,68.99,2025,358,0,16.894134078212293,,11,0,19,35.6,62,7,30,PASS,INSUFFICIENT_DAYS
114,ASOS,127.94659,37.33749,150.11,2021,358,0,17.981564245810063,,14,0,0,34.9,56,5,30,PASS,INSUFFICIENT_DAYS
114,ASOS,127.94659,37.33749,150.11,2022,358,0,17.42430167597765,,5,0,6,34.5,35,6,30,PASS,INSUFFICIENT_DAYS
114,ASOS,127.94659,37.33749,150.11,2023,358,0,18.366201117318443,,10,0,20,34.1,53,7,30,PASS,INSUFFICIENT_DAYS
114,ASOS,127.94659,37.33749,150.11,2024,359,0,19.171309192200553,,20,0,21,35.3,83,9,30,PASS,INSUFFICIENT_DAYS
114,ASOS,127.94659,37.33749,150.11,2025,358,0,18.382960893854744,,23,0,20,36.7,69,7,30,PASS,INSUFFICIENT_DAYS
115,ASOS,130.89863,37.48129,221.14,2021,356,0,16.483707865168533,,0,0,0,31.8,52,5,30,PASS,INSUFFICIENT_DAYS
115,ASOS,130.89863,37.48129,221.14,2022,358,0,16.566201117318453,,0,0,0,32.4,62,5,30,PASS,INSUFFICIENT_DAYS
115,ASOS,130.89863,37.48129,221.14,2023,358,0,17.50446927374302,,1,0,7,33.1,92,7,30,PASS,INSUFFICIENT_DAYS
115,ASOS,130.89863,37.48129,221.14,2024,359,0,17.407520891364907,,2,0,11,33.4,87,11,30,PASS,INSUFFICIENT_DAYS
115,ASOS,130.89863,37.48129,221.14,2025,358,0,17.235754189944135,,1,0,28,33.3,90,12,30,PASS,INSUFFICIENT_DAYS
119,ASOS,126.983,37.25746,39.81,2021,358,0,18.296648044692727,,15,0,14,36.3,73,8,30,PASS,INSUFFICIENT_DAYS
119,ASOS,126.983,37.25746,39.81,2022,358,0,17.690782122905027,,7,0,9,34.5,49,9,30,PASS,INSUFFICIENT_DAYS
119,ASOS,126.983,37.25746,39.81,2023,358,0,18.405027932960884,,14,0,14,34.7,61,8,30,PASS,INSUFFICIENT_DAYS
119,ASOS,126.983,37.25746,39.81,2024,359,0,18.947910863509744,,23,0,14,35,74,8,30,PASS,INSUFFICIENT_DAYS
119,ASOS,126.983,37.25746,39.81,2025,358,0,18.063966480446926,,16,0,12,36,59,6,30,PASS,INSUFFICIENT_DAYS
121,ASOS,128.45743,37.18126,240.54,2021,358,0,17.98407821229052,,14,0,7,35.5,70,7,26,PASS,INSUFFICIENT_DAYS
121,ASOS,128.45743,37.18126,240.54,2022,358,0,17.710614525139658,,7,0,6,34.7,44,6,26,PASS,INSUFFICIENT_DAYS
121,ASOS,128.45743,37.18126,240.54,2023,358,0,18.387150837988827,,11,0,23,34.8,66,8,26,PASS,INSUFFICIENT_DAYS
121,ASOS,128.45743,37.18126,240.54,2024,359,0,18.942339832869084,,20,0,9,36.1,73,9,26,PASS,INSUFFICIENT_DAYS
121,ASOS,128.45743,37.18126,240.54,2025,358,0,18.11256983240224,,23,0,21,36.7,68,8,26,PASS,INSUFFICIENT_DAYS
127,ASOS,127.9525,36.97045,114.85,2021,358,0,18.13631284916202,,15,0,,34.3,,,23,INSUFFICIENT_BASELINE,INSUFFICIENT_DAYS
127,ASOS,127.9525,36.97045,114.85,2022,358,0,17.793575418994408,,8,0,,34.3,,,23,INSUFFICIENT_BASELINE,INSUFFICIENT_DAYS
127,ASOS,127.9525,36.97045,114.85,2023,358,0,18.682122905027935,,14,0,,35.2,,,23,INSUFFICIENT_BASELINE,INSUFFICIENT_DAYS
127,ASOS,127.9525,36.97045,114.85,2024,359,0,19.21894150417828,,29,0,,35,,,23,INSUFFICIENT_BASELINE,INSUFFICIENT_DAYS
127,ASOS,127.9525,36.97045,114.85,2025,354,0,18.480790960451987,,25,0,,35.6,,,23,INSUFFICIENT_BASELINE,INSUFFICIENT_DAYS
129,ASOS,126.4939,36.77658,25.25,2021,358,0,18.4913407821229,,15,0,17,35.2,86,10,30,PASS,INSUFFICIENT_DAYS
129,ASOS,126.4939,36.77658,25.25,2022,358,0,17.356703910614513,,6,0,0,34,46,5,30,PASS,INSUFFICIENT_DAYS
129,ASOS,126.4939,36.77658,25.25,2023,358,0,18.30167597765363,,10,0,20,34.9,78,7,30,PASS,INSUFFICIENT_DAYS
129,ASOS,126.4939,36.77658,25.25,2024,359,0,18.908913649025045,,20,0,15,35.8,91,8,30,PASS,INSUFFICIENT_DAYS
129,ASOS,126.4939,36.77658,25.25,2025,358,0,17.96061452513966,,15,0,14,36.3,70,8,30,PASS,INSUFFICIENT_DAYS
130,ASOS,129.41278,36.99176,48.98,2021,358,0,17.684357541899445,,0,0,0,32,48,4,30,PASS,INSUFFICIENT_DAYS
130,ASOS,129.41278,36.99176,48.98,2022,358,0,17.72513966480447,,5,0,0,35.3,56,5,30,PASS,INSUFFICIENT_DAYS
130,ASOS,129.41278,36.99176,48.98,2023,358,0,18.296648044692738,,4,0,0,36.8,61,4,30,PASS,INSUFFICIENT_DAYS
130,ASOS,129.41278,36.99176,48.98,2024,359,0,18.508356545961004,,12,0,6,36.3,72,6,30,PASS,INSUFFICIENT_DAYS
130,ASOS,129.41278,36.99176,48.98,2025,358,0,18.55363128491619,,13,0,13,37.7,80,7,30,PASS,INSUFFICIENT_DAYS
131,ASOS,127.44066,36.63924,58.7,2021,358,0,19.058938547486047,,20,0,12,36,75,6,30,PASS,INSUFFICIENT_DAYS
131,ASOS,127.44066,36.63924,58.7,2022,358,0,18.727932960893853,,18,0,12,35.7,57,6,30,PASS,INSUFFICIENT_DAYS
131,ASOS,127.44066,36.63924,58.7,2023,358,0,19.517318435754188,,21,0,33,35.9,82,8,30,PASS,INSUFFICIENT_DAYS
131,ASOS,127.44066,36.63924,58.7,2024,358,0,20.021508379888257,,40,0,31,36.4,102,11,30,PASS,INSUFFICIENT_DAYS
131,ASOS,127.44066,36.63924,58.7,2025,358,0,19.39804469273744,,40,0,42,36.7,93,8,30,PASS,INSUFFICIENT_DAYS
133,ASOS,127.3721,36.37199,67.79,2021,358,0,19.50865921787711,,20,0,12,36,74,6,30,PASS,INSUFFICIENT_DAYS
133,ASOS,127.3721,36.37199,67.79,2022,358,0,19.0854748603352,,14,0,6,35.5,63,6,30,PASS,INSUFFICIENT_DAYS
133,ASOS,127.3721,36.37199,67.79,2023,358,0,19.42402234636872,,17,0,22,35.4,73,8,30,PASS,INSUFFICIENT_DAYS
133,ASOS,127.3721,36.37199,67.79,2024,359,0,19.964902506963803,,38,0,27,35.9,94,13,30,PASS,INSUFFICIENT_DAYS
133,ASOS,127.3721,36.37199,67.79,2025,358,0,19.58547486033519,,36,0,39,36.5,101,10,30,PASS,INSUFFICIENT_DAYS
135,ASOS,127.99458,36.22025,244.98,2021,358,0,17.443016759776533,,2,0,0,33,41,5,30,PASS,INSUFFICIENT_DAYS
135,ASOS,127.99458,36.22025,244.98,2022,358,0,17.331284916201128,,6,0,0,33.7,40,4,30,PASS,INSUFFICIENT_DAYS
135,ASOS,127.99458,36.22025,244.98,2023,358,0,18.127094972067045,,4,0,14,33.5,51,7,30,PASS,INSUFFICIENT_DAYS
135,ASOS,127.99458,36.22025,244.98,2024,359,0,18.46267409470752,,11,0,0,34.5,60,5,30,PASS,INSUFFICIENT_DAYS
135,ASOS,127.99458,36.22025,244.98,2025,358,0,17.858100558659224,,11,0,7,34.2,55,7,30,PASS,INSUFFICIENT_DAYS
136,ASOS,128.70733,36.57293,141.26,2021,358,0,18.362569832402237,,14,0,0,35.4,49,5,30,PASS,INSUFFICIENT_DAYS
136,ASOS,128.70733,36.57293,141.26,2022,358,0,18.48435754189945,,15,0,0,35.7,44,4,30,PASS,INSUFFICIENT_DAYS
136,ASOS,128.70733,36.57293,141.26,2023,358,0,19.08966480446927,,16,0,19,35.1,56,7,30,PASS,INSUFFICIENT_DAYS
136,ASOS,128.70733,36.57293,141.26,2024,359,0,19.613649025069645,,35,0,0,35.7,83,4,30,PASS,INSUFFICIENT_DAYS
136,ASOS,128.70733,36.57293,141.26,2025,358,0,19.02709497206704,,37,0,27,37.2,80,7,30,PASS,INSUFFICIENT_DAYS
137,ASOS,128.15741,36.40837,96.58,2021,358,0,18.669273743016774,,14,0,,34.5,,,19,INSUFFICIENT_BASELINE,INSUFFICIENT_DAYS
137,ASOS,128.15741,36.40837,96.58,2022,358,0,18.89636871508381,,18,0,,35.8,,,19,INSUFFICIENT_BASELINE,INSUFFICIENT_DAYS
137,ASOS,128.15741,36.40837,96.58,2023,358,0,19.474860335195547,,16,0,,35.5,,,19,INSUFFICIENT_BASELINE,INSUFFICIENT_DAYS
137,ASOS,128.15741,36.40837,96.58,2024,359,0,19.738718662952657,,36,0,,35.6,,,19,INSUFFICIENT_BASELINE,INSUFFICIENT_DAYS
137,ASOS,128.15741,36.40837,96.58,2025,358,0,19.197765363128475,,34,0,,36.2,,,19,INSUFFICIENT_BASELINE,INSUFFICIENT_DAYS
138,ASOS,129.38002,36.03201,3.94,2021,358,0,19.0905027932961,,9,0,0,34.9,45,4,30,PASS,INSUFFICIENT_DAYS
138,ASOS,129.38002,36.03201,3.94,2022,358,0,19.331843575418993,,21,0,0,37.7,52,4,30,PASS,INSUFFICIENT_DAYS
138,ASOS,129.38002,36.03201,3.94,2023,358,0,19.723743016759773,,19,0,7,36.4,52,7,30,PASS,INSUFFICIENT_DAYS
138,ASOS,129.38002,36.03201,3.94,2024,359,0,19.84986072423398,,25,0,0,37.3,52,4,30,PASS,INSUFFICIENT_DAYS
138,ASOS,129.38002,36.03201,3.94,2025,358,0,19.69189944134079,,40,0,12,36.5,64,6,30,PASS,INSUFFICIENT_DAYS
140,ASOS,126.76135,36.0053,27.85,2021,357,0,18.483753501400553,,7,0,6,33.9,80,6,30,PASS,INSUFFICIENT_DAYS
140,ASOS,126.76135,36.0053,27.85,2022,355,0,17.82760563380281,,5,0,6,35.4,53,6,30,PASS,INSUFFICIENT_DAYS
140,ASOS,126.76135,36.0053,27.85,2023,358,0,18.6513966480447,,10,0,26,35.5,72,7,30,PASS,INSUFFICIENT_DAYS
140,ASOS,126.76135,36.0053,27.85,2024,359,0,19.144011142061277,,22,0,33,35.1,97,13,30,PASS,INSUFFICIENT_DAYS
140,ASOS,126.76135,36.0053,27.85,2025,358,0,18.51983240223464,,14,0,13,35.5,94,7,30,PASS,INSUFFICIENT_DAYS
143,ASOS,128.65296,35.87797,54.27,2021,358,0,19.845251396648035,,18,0,0,36.2,52,5,30,PASS,INSUFFICIENT_DAYS
143,ASOS,128.65296,35.87797,54.27,2022,358,0,20.022067039106155,,32,0,6,37.1,55,6,30,PASS,INSUFFICIENT_DAYS
143,ASOS,128.65296,35.87797,54.27,2023,358,0,20.450558659217887,,21,0,20,37.6,57,8,30,PASS,INSUFFICIENT_DAYS
143,ASOS,128.65296,35.87797,54.27,2024,359,0,20.879387186629522,,50,0,0,36.8,68,5,30,PASS,INSUFFICIENT_DAYS
143,ASOS,128.65296,35.87797,54.27,2025,358,0,20.33072625698325,,46,0,32,37.4,65,12,30,PASS,INSUFFICIENT_DAYS
146,ASOS,127.11718,35.84092,60.44,2021,358,0,19.383798882681567,,15,0,6,34.3,53,6,30,PASS,INSUFFICIENT_DAYS
146,ASOS,127.11718,35.84092,60.44,2022,358,0,18.930446927374316,,8,0,0,35,49,4,30,PASS,INSUFFICIENT_DAYS
146,ASOS,127.11718,35.84092,60.44,2023,358,0,19.646927374301686,,15,0,13,34.5,52,7,30,PASS,INSUFFICIENT_DAYS
146,ASOS,127.11718,35.84092,60.44,2024,359,0,20.241504178272987,,32,0,12,36.2,73,12,30,PASS,INSUFFICIENT_DAYS
146,ASOS,127.11718,35.84092,60.44,2025,358,0,19.844413407821236,,42,0,23,37.1,84,8,30,PASS,INSUFFICIENT_DAYS
152,ASOS,129.33469,35.58237,81.14,2021,358,0,19.14162011173183,,3,0,0,33.4,38,4,30,PASS,INSUFFICIENT_DAYS
152,ASOS,129.33469,35.58237,81.14,2022,358,0,19.009497206703912,,8,0,0,34.5,37,4,30,PASS,INSUFFICIENT_DAYS
152,ASOS,129.33469,35.58237,81.14,2023,358,0,19.534357541899453,,2,0,13,34.4,46,7,30,PASS,INSUFFICIENT_DAYS
152,ASOS,129.33469,35.58237,81.14,2024,359,0,19.796378830083565,,14,0,0,35.8,53,5,30,PASS,INSUFFICIENT_DAYS
152,ASOS,129.33469,35.58237,81.14,2025,358,0,19.448044692737433,,24,0,13,35.8,56,7,30,PASS,INSUFFICIENT_DAYS
155,ASOS,128.57282,35.17019,34.97,2021,358,0,19.484916201117315,,6,0,9,35.2,48,9,30,PASS,INSUFFICIENT_DAYS
155,ASOS,128.57282,35.17019,34.97,2022,358,0,19.305865921787703,,8,0,0,34.4,55,4,30,PASS,INSUFFICIENT_DAYS
155,ASOS,128.57282,35.17019,34.97,2023,358,0,19.772625698324035,,11,0,27,35.5,63,8,30,PASS,INSUFFICIENT_DAYS
155,ASOS,128.57282,35.17019,34.97,2024,359,0,20.67103064066852,,36,0,22,37.2,92,16,30,PASS,INSUFFICIENT_DAYS
155,ASOS,128.57282,35.17019,34.97,2025,358,0,20.106424581005584,,25,0,31,35.3,81,11,30,PASS,INSUFFICIENT_DAYS
156,ASOS,126.89156,35.17294,70.28,2021,358,0,19.934357541899445,,11,0,6,34.4,55,6,30,PASS,INSUFFICIENT_DAYS
156,ASOS,126.89156,35.17294,70.28,2022,358,0,19.768435754189934,,9,0,0,34.5,58,5,30,PASS,INSUFFICIENT_DAYS
156,ASOS,126.89156,35.17294,70.28,2023,358,0,20.0913407821229,,14,0,32,35.2,68,7,30,PASS,INSUFFICIENT_DAYS
156,ASOS,126.89156,35.17294,70.28,2024,359,0,20.4526462395543,,26,0,18,36.3,81,12,30,PASS,INSUFFICIENT_DAYS
156,ASOS,126.89156,35.17294,70.28,2025,358,0,19.91871508379889,,35,0,18,35.8,74,11,30,PASS,INSUFFICIENT_DAYS
159,ASOS,129.03203,35.10468,69.56,2021,358,0,19.596089385474862,,1,0,9,34.6,58,9,30,PASS,INSUFFICIENT_DAYS
159,ASOS,129.03203,35.10468,69.56,2022,358,0,19.346648044692742,,1,0,15,33.1,56,8,30,PASS,INSUFFICIENT_DAYS
159,ASOS,129.03203,35.10468,69.56,2023,358,0,19.84720670391061,,4,0,13,34.4,62,7,30,PASS,INSUFFICIENT_DAYS
159,ASOS,129.03203,35.10468,69.56,2024,359,0,20.495543175487473,,14,0,24,34.6,94,17,30,PASS,INSUFFICIENT_DAYS
159,ASOS,129.03203,35.10468,69.56,2025,358,0,19.80111731843576,,9,0,26,34.5,81,12,30,PASS,INSUFFICIENT_DAYS
162,ASOS,128.43561,34.84541,31.24,2021,358,0,19.654469273743015,,4,0,21,36.1,84,9,30,PASS,INSUFFICIENT_DAYS
162,ASOS,128.43561,34.84541,31.24,2022,358,0,19.187430167597768,,1,0,6,33,54,6,30,PASS,INSUFFICIENT_DAYS
162,ASOS,128.43561,34.84541,31.24,2023,357,0,19.755462184873952,,4,0,21,34.9,79,9,30,PASS,INSUFFICIENT_DAYS
162,ASOS,128.43561,34.84541,31.24,2024,358,0,20.210335195530725,,17,0,34,34.8,94,22,30,PASS,INSUFFICIENT_DAYS
162,ASOS,128.43561,34.84541,31.24,2025,358,0,19.58240223463687,,9,0,39,34.4,96,11,30,PASS,INSUFFICIENT_DAYS
165,ASOS,126.38151,34.81732,44.7,2021,358,0,18.735474860335195,,2,0,6,33.3,58,6,30,PASS,INSUFFICIENT_DAYS
165,ASOS,126.38151,34.81732,44.7,2022,358,0,18.01955307262568,,3,0,0,33.4,39,5,30,PASS,INSUFFICIENT_DAYS
165,ASOS,126.38151,34.81732,44.7,2023,358,0,18.60474860335196,,6,0,7,34.1,54,7,30,PASS,INSUFFICIENT_DAYS
165,ASOS,126.38151,34.81732,44.7,2024,359,0,19.233426183843992,,14,0,13,34.9,68,13,30,PASS,INSUFFICIENT_DAYS
165,ASOS,126.38151,34.81732,44.7,2025,358,0,18.681843575419,,13,0,32,34.8,75,11,30,PASS,INSUFFICIENT_DAYS
168,ASOS,127.74063,34.73929,65.93,2021,358,0,19.086592178770935,,3,0,15,34,79,9,30,PASS,INSUFFICIENT_DAYS
168,ASOS,127.74063,34.73929,65.93,2022,358,0,18.62653631284918,,0,0,6,32.4,58,6,30,PASS,INSUFFICIENT_DAYS
168,ASOS,127.74063,34.73929,65.93,2023,358,0,18.9891061452514,,3,0,28,33.8,75,9,30,PASS,INSUFFICIENT_DAYS
168,ASOS,127.74063,34.73929,65.93,2024,359,0,19.55431754874652,,8,0,41,33.8,104,18,30,PASS,INSUFFICIENT_DAYS
168,ASOS,127.74063,34.73929,65.93,2025,358,0,18.843016759776518,,1,0,31,33.2,91,11,30,PASS,INSUFFICIENT_DAYS
169,ASOS,125.45105,34.68719,75.12,2021,358,0,18.215363128491624,,0,0,,32.3,,,24,INSUFFICIENT_BASELINE,INSUFFICIENT_DAYS
169,ASOS,125.45105,34.68719,75.12,2022,357,0,16.860224089635857,,0,0,,31,,,24,INSUFFICIENT_BASELINE,INSUFFICIENT_DAYS
169,ASOS,125.45105,34.68719,75.12,2023,358,0,17.244692737430174,,0,0,,30.8,,,24,INSUFFICIENT_BASELINE,INSUFFICIENT_DAYS
169,ASOS,125.45105,34.68719,75.12,2024,359,0,18.957938718662948,,19,0,,34.9,,,24,INSUFFICIENT_BASELINE,INSUFFICIENT_DAYS
169,ASOS,125.45105,34.68719,75.12,2025,358,0,18.503910614525143,,14,0,,34.8,,,24,INSUFFICIENT_BASELINE,INSUFFICIENT_DAYS
170,ASOS,126.70182,34.3959,35.37,2021,356,0,19.59971910112358,,1,0,15,33.5,65,9,30,PASS,INSUFFICIENT_DAYS
170,ASOS,126.70182,34.3959,35.37,2022,358,0,19.455865921787705,,1,0,15,33.2,73,9,30,PASS,INSUFFICIENT_DAYS
170,ASOS,126.70182,34.3959,35.37,2023,357,0,19.825770308123257,,5,0,35,34.6,82,11,30,PASS,INSUFFICIENT_DAYS
170,ASOS,126.70182,34.3959,35.37,2024,353,0,21.16402266288952,,41,0,65,37,145,20,30,PASS,INSUFFICIENT_DAYS
170,ASOS,126.70182,34.3959,35.37,2025,358,0,20.585195530726253,,41,0,63,36.1,136,24,30,PASS,INSUFFICIENT_DAYS
172,ASOS,126.599,35.34824,52.42,2021,354,0,19.267231638418085,,15,0,,34.8,,,10,INSUFFICIENT_BASELINE,INSUFFICIENT_DAYS
172,ASOS,126.599,35.34824,52.42,2022,358,0,18.72430167597766,,7,0,,34.7,,,10,INSUFFICIENT_BASELINE,INSUFFICIENT_DAYS
172,ASOS,126.599,35.34824,52.42,2023,342,0,18.85204678362575,,12,0,,35,,,10,INSUFFICIENT_BASELINE,INSUFFICIENT_DAYS
172,ASOS,126.599,35.34824,52.42,2024,345,0,19.63565217391304,,35,0,,35.7,,,10,INSUFFICIENT_BASELINE,INSUFFICIENT_DAYS
172,ASOS,126.599,35.34824,52.42,2025,358,0,19.132122905027934,,24,0,,35.4,,,10,INSUFFICIENT_BASELINE,INSUFFICIENT_DAYS
174,ASOS,127.3694,35.0204,165,2021,358,0,19.325418994413404,,3,0,,34.7,,,9,INSUFFICIENT_BASELINE,INSUFFICIENT_DAYS
174,ASOS,127.3694,35.0204,165,2022,358,0,19.03938547486033,,1,0,,33,,,9,INSUFFICIENT_BASELINE,INSUFFICIENT_DAYS
174,ASOS,127.3694,35.0204,165,2023,357,0,19.28571428571429,,6,0,,34.7,,,9,INSUFFICIENT_BASELINE,INSUFFICIENT_DAYS
174,ASOS,127.3694,35.0204,165,2024,359,0,19.20557103064068,,5,0,,33.8,,,9,INSUFFICIENT_BASELINE,INSUFFICIENT_DAYS
174,ASOS,127.3694,35.0204,165,2025,355,0,18.757464788732392,,13,0,,34.4,,,9,INSUFFICIENT_BASELINE,INSUFFICIENT_DAYS
177,ASOS,126.68772,36.65759,27.74,2021,358,0,18.387150837988827,,9,0,,34.5,,,5,INSUFFICIENT_BASELINE,INSUFFICIENT_DAYS
177,ASOS,126.68772,36.65759,27.74,2022,358,0,17.850837988826814,,6,0,,33.7,,,5,INSUFFICIENT_BASELINE,INSUFFICIENT_DAYS
177,ASOS,126.68772,36.65759,27.74,2023,358,0,18.67737430167597,,10,0,,34.4,,,5,INSUFFICIENT_BASELINE,INSUFFICIENT_DAYS
177,ASOS,126.68772,36.65759,27.74,2024,359,0,19.13593314763231,,18,0,,34.9,,,5,INSUFFICIENT_BASELINE,INSUFFICIENT_DAYS
177,ASOS,126.68772,36.65759,27.74,2025,358,0,18.64106145251396,,20,0,,36.3,,,5,INSUFFICIENT_BASELINE,INSUFFICIENT_DAYS
181,ASOS,127.396944,36.63972,32,2022,333,0,19.107807807807806,,10,0,,34.2,,,0,MISSING_BASELINE,INSUFFICIENT_DAYS
181,ASOS,127.396944,36.63972,32,2023,358,0,18.76787709497206,,13,0,,34.6,,,0,MISSING_BASELINE,INSUFFICIENT_DAYS
181,ASOS,127.38458,36.63994,33.55,2024,358,0,18.93351955307261,,8,0,,34,,,0,MISSING_BASELINE,INSUFFICIENT_DAYS
181,ASOS,127.38458,36.63994,33.55,2025,358,0,18.881843575418987,,20,0,,35.8,,,0,MISSING_BASELINE,INSUFFICIENT_DAYS
184,ASOS,126.52969,33.51411,20.79,2021,358,0,20.62597765363129,,3,0,26,33.4,79,10,30,PASS,INSUFFICIENT_DAYS
184,ASOS,126.52969,33.51411,20.79,2022,358,0,20.240223463687144,,22,0,21,36.9,71,13,30,PASS,INSUFFICIENT_DAYS
184,ASOS,126.52969,33.51411,20.79,2023,358,0,20.808379888268156,,13,0,29,37,92,9,30,PASS,INSUFFICIENT_DAYS
184,ASOS,126.52969,33.51411,20.79,2024,359,0,21.15543175487466,,33,0,43,35.4,114,17,30,PASS,INSUFFICIENT_DAYS
184,ASOS,126.52969,33.51411,20.79,2025,358,0,20.776256983240202,,23,0,47,35.9,109,18,30,PASS,INSUFFICIENT_DAYS
185,ASOS,126.16283,33.29382,71.39,2021,358,0,19.77206703910615,,1,0,28,33.2,95,9,30,PASS,INSUFFICIENT_DAYS
185,ASOS,126.16283,33.29382,71.39,2022,358,0,18.94860335195531,,1,0,13,33.9,73,7,30,PASS,INSUFFICIENT_DAYS
185,ASOS,126.16283,33.29382,71.39,2023,358,0,19.189385474860327,,1,0,15,33.3,71,9,30,PASS,INSUFFICIENT_DAYS
185,ASOS,126.16283,33.29382,71.39,2024,359,0,19.710306406685234,,4,0,19,34.3,91,19,30,PASS,INSUFFICIENT_DAYS
185,ASOS,126.16283,33.29382,71.39,2025,358,0,19.328491620111738,,4,0,49,34,99,10,30,PASS,INSUFFICIENT_DAYS
188,ASOS,126.8802,33.38677,20.34,2021,358,0,19.955865921787716,,0,0,,32,,,23,INSUFFICIENT_BASELINE,INSUFFICIENT_DAYS
188,ASOS,126.8802,33.38677,20.34,2022,358,0,19.43379888268158,,5,0,,33.2,,,23,INSUFFICIENT_BASELINE,INSUFFICIENT_DAYS
188,ASOS,126.8802,33.38677,20.34,2023,358,0,20.155027932960884,,0,0,,32,,,23,INSUFFICIENT_BASELINE,INSUFFICIENT_DAYS
188,ASOS,126.8802,33.38677,20.34,2024,359,0,20.56323119777158,,2,0,,33.5,,,23,INSUFFICIENT_BASELINE,INSUFFICIENT_DAYS
188,ASOS,126.8802,33.38677,20.34,2025,357,0,20.116246498599466,,6,0,,33.7,,,23,INSUFFICIENT_BASELINE,INSUFFICIENT_DAYS
189,ASOS,126.5653,33.24616,51.86,2021,358,0,20.31899441340781,,0,0,8,32.4,51,8,30,PASS,INSUFFICIENT_DAYS
189,ASOS,126.5653,33.24616,51.86,2022,358,0,20.028491620111726,,1,0,0,33.6,46,4,30,PASS,INSUFFICIENT_DAYS
189,ASOS,126.5653,33.24616,51.86,2023,358,0,20.451117318435763,,3,0,6,33.8,52,6,30,PASS,INSUFFICIENT_DAYS
189,ASOS,126.5653,33.24616,51.86,2024,359,0,21.397771587743733,,18,0,39,34.7,108,22,30,PASS,INSUFFICIENT_DAYS
189,ASOS,126.5653,33.24616,51.86,2025,358,0,21.378491620111728,,16,0,68,34,126,28,30,PASS,INSUFFICIENT_DAYS
192,ASOS,128.04004,35.16378,29.35,2021,357,0,20.2,,9,0,9,37.1,53,9,30,PASS,INSUFFICIENT_DAYS
192,ASOS,128.04004,35.16378,29.35,2022,355,0,20.09774647887325,,12,0,0,34.2,45,4,30,PASS,INSUFFICIENT_DAYS
192,ASOS,128.04004,35.16378,29.35,2023,358,0,20.421229050279326,,12,0,19,36.4,56,7,30,PASS,INSUFFICIENT_DAYS
192,ASOS,128.04004,35.16378,29.35,2024,359,0,20.856545961002805,,36,0,8,35.7,80,8,30,PASS,INSUFFICIENT_DAYS
192,ASOS,128.04004,35.16378,29.35,2025,358,0,19.837430167597777,,29,0,24,35.4,61,11,30,PASS,INSUFFICIENT_DAYS
201,ASOS,126.44634,37.70739,47.84,2021,358,0,17.027932960893857,,6,0,,34.2,,,22,INSUFFICIENT_BASELINE,INSUFFICIENT_DAYS
201,ASOS,126.44634,37.70739,47.84,2022,356,0,16.16488764044944,,1,0,,34.1,,,22,INSUFFICIENT_BASELINE,INSUFFICIENT_DAYS
201,ASOS,126.44634,37.70739,47.84,2023,358,0,16.593296089385483,,1,0,,33.1,,,22,INSUFFICIENT_BASELINE,INSUFFICIENT_DAYS
201,ASOS,126.44634,37.70739,47.84,2024,359,0,17.306128133704735,,1,0,,33.2,,,22,INSUFFICIENT_BASELINE,INSUFFICIENT_DAYS
201,ASOS,126.44634,37.70739,47.84,2025,358,0,16.406424581005602,,4,0,,34.9,,,22,INSUFFICIENT_BASELINE,INSUFFICIENT_DAYS
202,ASOS,127.49446,37.48863,47.26,2021,358,0,18.06005586592178,,12,0,,34.6,,,23,INSUFFICIENT_BASELINE,INSUFFICIENT_DAYS
202,ASOS,127.49446,37.48863,47.26,2022,357,0,17.609803921568624,,4,0,,33.4,,,23,INSUFFICIENT_BASELINE,INSUFFICIENT_DAYS
202,ASOS,127.49446,37.48863,47.26,2023,358,0,18.352234636871504,,10,0,,34.3,,,23,INSUFFICIENT_BASELINE,INSUFFICIENT_DAYS
202,ASOS,127.49446,37.48863,47.26,2024,359,0,18.94679665738162,,16,0,,34.8,,,23,INSUFFICIENT_BASELINE,INSUFFICIENT_DAYS
202,ASOS,127.49446,37.48863,47.26,2025,358,0,18.082960893854754,,17,0,,35.6,,,23,INSUFFICIENT_BASELINE,INSUFFICIENT_DAYS
203,ASOS,127.48421,37.26399,80.09,2021,358,0,18.46396648044694,,19,0,,35.6,,,23,INSUFFICIENT_BASELINE,INSUFFICIENT_DAYS
203,ASOS,127.48421,37.26399,80.09,2022,358,0,18.106703910614527,,9,0,,34.6,,,23,INSUFFICIENT_BASELINE,INSUFFICIENT_DAYS
203,ASOS,127.48421,37.26399,80.09,2023,358,0,18.78240223463687,,19,0,,35.5,,,23,INSUFFICIENT_BASELINE,INSUFFICIENT_DAYS
203,ASOS,127.48421,37.26399,80.09,2024,359,0,19.386350974930355,,27,0,,35.5,,,23,INSUFFICIENT_BASELINE,INSUFFICIENT_DAYS
203,ASOS,127.48421,37.26399,80.09,2025,358,0,18.58296089385476,,23,0,,36,,,23,INSUFFICIENT_BASELINE,INSUFFICIENT_DAYS
211,ASOS,128.16714,38.05986,201.78,2021,358,0,17.367597765363136,,17,0,,36.8,,,22,INSUFFICIENT_BASELINE,INSUFFICIENT_DAYS
211,ASOS,128.16714,38.05986,201.78,2022,358,0,16.973463687150836,,6,0,,33.8,,,22,INSUFFICIENT_BASELINE,INSUFFICIENT_DAYS
211,ASOS,128.16714,38.05986,201.78,2023,358,0,17.841061452513987,,16,0,,34.8,,,22,INSUFFICIENT_BASELINE,INSUFFICIENT_DAYS
211,ASOS,128.16714,38.05986,201.78,2024,359,0,18.210863509749302,,20,0,,35.8,,,22,INSUFFICIENT_BASELINE,INSUFFICIENT_DAYS
211,ASOS,128.16714,38.05986,201.78,2025,357,0,16.8484593837535,,8,0,,34.7,,,22,INSUFFICIENT_BASELINE,INSUFFICIENT_DAYS
212,ASOS,127.88043,37.6836,140.2,2021,358,0,17.920670391061456,,16,0,,36.2,,,23,INSUFFICIENT_BASELINE,INSUFFICIENT_DAYS
212,ASOS,127.88043,37.6836,140.2,2022,358,0,17.36564245810056,,7,0,,35,,,23,INSUFFICIENT_BASELINE,INSUFFICIENT_DAYS
212,ASOS,127.88043,37.6836,140.2,2023,358,0,18.151675977653646,,17,0,,36.2,,,23,INSUFFICIENT_BASELINE,INSUFFICIENT_DAYS
212,ASOS,127.88043,37.6836,140.2,2024,359,0,18.810584958217273,,22,0,,35.4,,,23,INSUFFICIENT_BASELINE,INSUFFICIENT_DAYS
212,ASOS,127.88043,37.6836,140.2,2025,352,0,18.182102272727278,,22,0,,36.6,,,23,INSUFFICIENT_BASELINE,INSUFFICIENT_DAYS
216,ASOS,128.98929,37.17038,714.45,2021,358,0,14.560893854748612,,0,0,,32.1,,,23,INSUFFICIENT_BASELINE,INSUFFICIENT_DAYS
216,ASOS,128.98929,37.17038,714.45,2022,358,0,14.556983240223465,,0,0,,32.4,,,23,INSUFFICIENT_BASELINE,INSUFFICIENT_DAYS
216,ASOS,128.98929,37.17038,714.45,2023,357,0,15.470868347338923,,0,0,,32.7,,,23,INSUFFICIENT_BASELINE,INSUFFICIENT_DAYS
216,ASOS,128.98929,37.17038,714.45,2024,359,0,16.13704735376046,,2,0,,33.3,,,23,INSUFFICIENT_BASELINE,INSUFFICIENT_DAYS
216,ASOS,128.98929,37.17038,714.45,2025,358,0,15.692458100558655,,8,0,,34,,,23,INSUFFICIENT_BASELINE,INSUFFICIENT_DAYS
217,ASOS,128.6459,37.38149,307.58,2021,358,0,17.548324022346378,,17,0,,35,,,10,INSUFFICIENT_BASELINE,INSUFFICIENT_DAYS
217,ASOS,128.6459,37.38149,307.58,2022,358,0,17.296648044692738,,13,0,,35.5,,,10,INSUFFICIENT_BASELINE,INSUFFICIENT_DAYS
217,ASOS,128.6459,37.38149,307.58,2023,355,0,18.28507042253521,,23,0,,36.8,,,10,INSUFFICIENT_BASELINE,INSUFFICIENT_DAYS
217,ASOS,128.67348,37.37732,312,2024,359,0,18.984679665738177,,42,0,,37.2,,,10,INSUFFICIENT_BASELINE,INSUFFICIENT_DAYS
217,ASOS,128.67348,37.37732,312,2025,354,0,18.063559322033885,,36,0,,38.3,,,10,INSUFFICIENT_BASELINE,INSUFFICIENT_DAYS
221,ASOS,128.19433,37.15928,264.62,2021,358,0,17.08324022346368,,6,0,,33.8,,,23,INSUFFICIENT_BASELINE,INSUFFICIENT_DAYS
221,ASOS,128.19433,37.15928,264.62,2022,358,0,16.647206703910623,,3,0,,33.7,,,23,INSUFFICIENT_BASELINE,INSUFFICIENT_DAYS
221,ASOS,128.19433,37.15928,264.62,2023,358,0,17.398324022346372,,4,0,,33.5,,,23,INSUFFICIENT_BASELINE,INSUFFICIENT_DAYS
221,ASOS,128.19433,37.15928,264.62,2024,359,0,17.927019498607237,,10,0,,34.5,,,23,INSUFFICIENT_BASELINE,INSUFFICIENT_DAYS
221,ASOS,128.19433,37.15928,264.62,2025,358,0,16.996648044692737,,10,0,,35,,,23,INSUFFICIENT_BASELINE,INSUFFICIENT_DAYS
226,ASOS,127.73415,36.48761,171.31,2021,358,0,18.05698324022345,,6,0,,34.2,,,23,INSUFFICIENT_BASELINE,INSUFFICIENT_DAYS
226,ASOS,127.73415,36.48761,171.31,2022,358,0,17.562569832402247,,4,0,,33.5,,,23,INSUFFICIENT_BASELINE,INSUFFICIENT_DAYS
226,ASOS,127.73415,36.48761,171.31,2023,358,0,18.36648044692737,,7,0,,34.2,,,23,INSUFFICIENT_BASELINE,INSUFFICIENT_DAYS
226,ASOS,127.73415,36.48761,171.31,2024,358,0,18.793575418994408,,12,0,,34.4,,,23,INSUFFICIENT_BASELINE,INSUFFICIENT_DAYS
226,ASOS,127.73415,36.48761,171.31,2025,358,0,18.115921787709492,,10,0,,34.8,,,23,INSUFFICIENT_BASELINE,INSUFFICIENT_DAYS
232,ASOS,127.29282,36.76217,84.78,2021,358,0,18.20837988826815,,12,0,,34.2,,,23,INSUFFICIENT_BASELINE,INSUFFICIENT_DAYS
232,ASOS,127.29282,36.76217,84.78,2022,358,0,17.856703910614524,,4,0,,33.8,,,23,INSUFFICIENT_BASELINE,INSUFFICIENT_DAYS
232,ASOS,127.29282,36.76217,84.78,2023,358,0,18.685754189944124,,10,0,,34.4,,,23,INSUFFICIENT_BASELINE,INSUFFICIENT_DAYS
232,ASOS,127.29282,36.76217,84.78,2024,359,0,19.0707520891365,,17,0,,34.9,,,23,INSUFFICIENT_BASELINE,INSUFFICIENT_DAYS
232,ASOS,127.29282,36.76217,84.78,2025,357,0,18.457422969187682,,15,0,,35.3,,,23,INSUFFICIENT_BASELINE,INSUFFICIENT_DAYS
235,ASOS,126.55744,36.32724,9.98,2021,358,0,18.119553072625703,,4,0,,33.6,,,23,INSUFFICIENT_BASELINE,INSUFFICIENT_DAYS
235,ASOS,126.55744,36.32724,9.98,2022,358,0,17.45335195530726,,4,0,,34.5,,,23,INSUFFICIENT_BASELINE,INSUFFICIENT_DAYS
235,ASOS,126.55744,36.32724,9.98,2023,358,0,18.35865921787709,,8,0,,34.7,,,23,INSUFFICIENT_BASELINE,INSUFFICIENT_DAYS
235,ASOS,126.55744,36.32724,9.98,2024,359,0,19.41448467966574,,27,0,,36.8,,,23,INSUFFICIENT_BASELINE,INSUFFICIENT_DAYS
235,ASOS,126.55744,36.32724,9.98,2025,358,0,18.875418994413412,,18,0,,36.5,,,23,INSUFFICIENT_BASELINE,INSUFFICIENT_DAYS
236,ASOS,126.92079,36.27242,13.42,2021,358,0,19.163687150837976,,15,0,,34.8,,,23,INSUFFICIENT_BASELINE,INSUFFICIENT_DAYS
236,ASOS,126.92079,36.27242,13.42,2022,358,0,18.787150837988825,,10,0,,34.4,,,23,INSUFFICIENT_BASELINE,INSUFFICIENT_DAYS
236,ASOS,126.92079,36.27242,13.42,2023,358,0,19.558379888268142,,18,0,,35.8,,,23,INSUFFICIENT_BASELINE,INSUFFICIENT_DAYS
236,ASOS,126.92079,36.27242,13.42,2024,359,0,19.984679665738163,,32,0,,35.6,,,23,INSUFFICIENT_BASELINE,INSUFFICIENT_DAYS
236,ASOS,126.92079,36.27242,13.42,2025,358,0,19.19972067039106,,24,0,,36,,,23,INSUFFICIENT_BASELINE,INSUFFICIENT_DAYS
238,ASOS,127.48175,36.10563,170.17,2021,358,0,18.867039106145256,,13,0,,34.8,,,23,INSUFFICIENT_BASELINE,INSUFFICIENT_DAYS
238,ASOS,127.48175,36.10563,170.17,2022,357,0,18.282913165266113,,9,0,,33.7,,,23,INSUFFICIENT_BASELINE,INSUFFICIENT_DAYS
238,ASOS,127.48175,36.10563,170.17,2023,358,0,19.003631284916214,,10,0,,35.1,,,23,INSUFFICIENT_BASELINE,INSUFFICIENT_DAYS
238,ASOS,127.48175,36.10563,170.17,2024,359,0,19.662952646239546,,32,0,,36,,,23,INSUFFICIENT_BASELINE,INSUFFICIENT_DAYS
238,ASOS,127.48175,36.10563,170.17,2025,358,0,19.197206703910602,,27,0,,35.9,,,23,INSUFFICIENT_BASELINE,INSUFFICIENT_DAYS
239,ASOS,127.24438,36.48522,89.5,2021,358,0,18.50642458100559,,12,0,,34.2,,,1,INSUFFICIENT_BASELINE,INSUFFICIENT_DAYS
239,ASOS,127.24438,36.48522,89.5,2022,357,0,18.2403361344538,,8,0,,34.1,,,1,INSUFFICIENT_BASELINE,INSUFFICIENT_DAYS
239,ASOS,127.24438,36.48522,89.5,2023,356,0,19.07528089887641,,14,0,,34.9,,,1,INSUFFICIENT_BASELINE,INSUFFICIENT_DAYS
239,ASOS,127.24438,36.48522,89.5,2024,359,0,19.481058495821713,,29,0,,35,,,1,INSUFFICIENT_BASELINE,INSUFFICIENT_DAYS
239,ASOS,127.24438,36.48522,89.5,2025,358,0,18.717318435754198,,20,0,,35.6,,,1,INSUFFICIENT_BASELINE,INSUFFICIENT_DAYS
243,ASOS,126.71657,35.72961,12.2,2021,358,0,18.9745810055866,,9,0,,34.4,,,23,INSUFFICIENT_BASELINE,INSUFFICIENT_DAYS
243,ASOS,126.71657,35.72961,12.2,2022,358,0,18.410614525139664,,6,0,,35.4,,,23,INSUFFICIENT_BASELINE,INSUFFICIENT_DAYS
243,ASOS,126.71657,35.72961,12.2,2023,358,0,19.174581005586607,,11,0,,34.9,,,23,INSUFFICIENT_BASELINE,INSUFFICIENT_DAYS
243,ASOS,126.71657,35.72961,12.2,2024,359,0,19.762952646239548,,26,0,,35.6,,,23,INSUFFICIENT_BASELINE,INSUFFICIENT_DAYS
243,ASOS,126.71657,35.72961,12.2,2025,358,0,19.23882681564246,,18,0,,35.4,,,23,INSUFFICIENT_BASELINE,INSUFFICIENT_DAYS
244,ASOS,127.28556,35.61203,247.04,2021,358,0,18.347765363128495,,1,0,,33.5,,,23,INSUFFICIENT_BASELINE,INSUFFICIENT_DAYS
244,ASOS,127.28556,35.61203,247.04,2022,358,0,18.103072625698324,,0,0,,32.9,,,23,INSUFFICIENT_BASELINE,INSUFFICIENT_DAYS
244,ASOS,127.28556,35.61203,247.04,2023,358,0,18.913407821229058,,6,0,,34.4,,,23,INSUFFICIENT_BASELINE,INSUFFICIENT_DAYS
244,ASOS,127.28556,35.61203,247.04,2024,359,0,19.40334261838441,,11,0,,34.5,,,23,INSUFFICIENT_BASELINE,INSUFFICIENT_DAYS
244,ASOS,127.28556,35.61203,247.04,2025,358,0,18.724301675977653,,16,0,,34.6,,,23,INSUFFICIENT_BASELINE,INSUFFICIENT_DAYS
245,ASOS,126.83904,35.56333,68.7,2021,358,0,18.869832402234632,,9,0,,34.4,,,23,INSUFFICIENT_BASELINE,INSUFFICIENT_DAYS
245,ASOS,126.83904,35.56333,68.7,2022,358,0,18.316759776536326,,6,0,,34.6,,,23,INSUFFICIENT_BASELINE,INSUFFICIENT_DAYS
245,ASOS,126.83904,35.56333,68.7,2023,358,0,19.272346368715088,,15,0,,35.1,,,23,INSUFFICIENT_BASELINE,INSUFFICIENT_DAYS
245,ASOS,126.83904,35.56333,68.7,2024,359,0,20.321169916434535,,42,0,,36.7,,,23,INSUFFICIENT_BASELINE,INSUFFICIENT_DAYS
245,ASOS,126.83904,35.56333,68.7,2025,358,0,19.694972067039103,,40,0,,37.2,,,23,INSUFFICIENT_BASELINE,INSUFFICIENT_DAYS
247,ASOS,127.39652,35.4213,133.49,2021,356,0,19.228932584269664,,7,0,,34.4,,,23,INSUFFICIENT_BASELINE,INSUFFICIENT_DAYS
247,ASOS,127.39652,35.4213,133.49,2022,358,0,18.82122905027935,,6,0,,34.1,,,23,INSUFFICIENT_BASELINE,INSUFFICIENT_DAYS
247,ASOS,127.39652,35.4213,133.49,2023,358,0,19.62849162011172,,18,0,,36.2,,,23,INSUFFICIENT_BASELINE,INSUFFICIENT_DAYS
247,ASOS,127.39652,35.4213,133.49,2024,359,0,20.189136490250696,,38,0,,35.5,,,23,INSUFFICIENT_BASELINE,INSUFFICIENT_DAYS
247,ASOS,127.39652,35.4213,133.49,2025,358,0,19.500837988826817,,37,0,,36.2,,,23,INSUFFICIENT_BASELINE,INSUFFICIENT_DAYS
248,ASOS,127.52031,35.65696,406.87,2021,357,0,17.607843137254893,,1,0,,33.1,,,23,INSUFFICIENT_BASELINE,INSUFFICIENT_DAYS
248,ASOS,127.52031,35.65696,406.87,2022,358,0,17.302793296089387,,0,0,,32.6,,,23,INSUFFICIENT_BASELINE,INSUFFICIENT_DAYS
248,ASOS,127.52031,35.65696,406.87,2023,358,0,17.975977653631265,,4,0,,33.4,,,23,INSUFFICIENT_BASELINE,INSUFFICIENT_DAYS
248,ASOS,127.52031,35.65696,406.87,2024,359,0,18.39275766016712,,1,0,,33.4,,,23,INSUFFICIENT_BASELINE,INSUFFICIENT_DAYS
248,ASOS,127.52031,35.65696,406.87,2025,358,0,17.695530726256987,,6,0,,33.8,,,23,INSUFFICIENT_BASELINE,INSUFFICIENT_DAYS
251,ASOS,126.697,35.42661,58.84,2021,358,0,19.257821229050293,,12,0,,35,,,13,INSUFFICIENT_BASELINE,INSUFFICIENT_DAYS
251,ASOS,126.697,35.42661,58.84,2022,358,0,18.766480446927382,,7,0,,34.5,,,13,INSUFFICIENT_BASELINE,INSUFFICIENT_DAYS
251,ASOS,126.697,35.42661,58.84,2023,358,0,19.45055865921788,,13,0,,35.5,,,13,INSUFFICIENT_BASELINE,INSUFFICIENT_DAYS
251,ASOS,126.697,35.42661,58.84,2024,359,0,20.04568245125347,,31,0,,36.1,,,13,INSUFFICIENT_BASELINE,INSUFFICIENT_DAYS
251,ASOS,126.697,35.42661,58.84,2025,358,0,19.412011173184382,,32,0,,36.4,,,13,INSUFFICIENT_BASELINE,INSUFFICIENT_DAYS
252,ASOS,126.47784,35.28366,37.2,2021,356,0,18.987921348314625,,12,0,,34.8,,,13,INSUFFICIENT_BASELINE,INSUFFICIENT_DAYS
252,ASOS,126.47784,35.28366,37.2,2022,358,0,18.426536312849173,,5,0,,34.6,,,13,INSUFFICIENT_BASELINE,INSUFFICIENT_DAYS
252,ASOS,126.47784,35.28366,37.2,2023,355,0,19.0261971830986,,11,0,,34.7,,,13,INSUFFICIENT_BASELINE,INSUFFICIENT_DAYS
252,ASOS,126.47784,35.28366,37.2,2024,359,0,19.625348189415057,,27,0,,35.7,,,13,INSUFFICIENT_BASELINE,INSUFFICIENT_DAYS
252,ASOS,126.47784,35.28366,37.2,2025,351,0,19.125356125356117,,26,0,,35.2,,,13,INSUFFICIENT_BASELINE,INSUFFICIENT_DAYS
253,ASOS,128.89075,35.22981,54.59,2021,358,0,20.163128491620107,,9,0,,37.5,,,13,INSUFFICIENT_BASELINE,INSUFFICIENT_DAYS
253,ASOS,128.89075,35.22981,54.59,2022,358,0,19.857541899441337,,11,0,,34.5,,,13,INSUFFICIENT_BASELINE,INSUFFICIENT_DAYS
253,ASOS,128.89075,35.22981,54.59,2023,358,0,20.50893854748602,,13,0,,35.5,,,13,INSUFFICIENT_BASELINE,INSUFFICIENT_DAYS
253,ASOS,128.89075,35.22981,54.59,2024,359,0,21.05821727019498,,40,0,,36.7,,,13,INSUFFICIENT_BASELINE,INSUFFICIENT_DAYS
253,ASOS,128.89075,35.22981,54.59,2025,358,0,20.491061452513964,,35,0,,36,,,13,INSUFFICIENT_BASELINE,INSUFFICIENT_DAYS
254,ASOS,127.1286,35.37131,129.38,2021,358,0,19.496648044692733,,17,0,,35,,,12,INSUFFICIENT_BASELINE,INSUFFICIENT_DAYS
254,ASOS,127.1286,35.37131,129.38,2022,358,0,19.014525139664816,,13,0,,34.6,,,12,INSUFFICIENT_BASELINE,INSUFFICIENT_DAYS
254,ASOS,127.1286,35.37131,129.38,2023,358,0,19.579050279329614,,16,0,,36.1,,,12,INSUFFICIENT_BASELINE,INSUFFICIENT_DAYS
254,ASOS,127.1286,35.37131,129.38,2024,359,0,20.134540389972134,,37,0,,36.4,,,12,INSUFFICIENT_BASELINE,INSUFFICIENT_DAYS
254,ASOS,127.1286,35.37131,129.38,2025,358,0,19.336871508379893,,34,0,,36.2,,,12,INSUFFICIENT_BASELINE,INSUFFICIENT_DAYS
255,ASOS,128.6726,35.22655,50.95,2021,356,0,20.726966292134843,,16,0,,37.3,,,12,INSUFFICIENT_BASELINE,INSUFFICIENT_DAYS
255,ASOS,128.6726,35.22655,50.95,2022,358,0,20.281005586592176,,18,0,,34.5,,,12,INSUFFICIENT_BASELINE,INSUFFICIENT_DAYS
255,ASOS,128.6726,35.22655,50.95,2023,358,0,20.839385474860343,,21,0,,35.9,,,12,INSUFFICIENT_BASELINE,INSUFFICIENT_DAYS
255,ASOS,128.6726,35.22655,50.95,2024,359,0,21.512534818941504,,49,0,,36.7,,,12,INSUFFICIENT_BASELINE,INSUFFICIENT_DAYS
255,ASOS,128.6726,35.22655,50.95,2025,358,0,20.92877094972067,,49,0,,36.7,,,12,INSUFFICIENT_BASELINE,INSUFFICIENT_DAYS
257,ASOS,129.02009,35.30737,6.29,2021,358,0,20.635195530726264,,17,0,,37.6,,,12,INSUFFICIENT_BASELINE,INSUFFICIENT_DAYS
257,ASOS,129.02009,35.30737,6.29,2022,357,0,20.756302521008383,,18,0,,35.4,,,12,INSUFFICIENT_BASELINE,INSUFFICIENT_DAYS
257,ASOS,129.02009,35.30737,6.29,2023,357,0,21.296078431372536,,23,0,,36.4,,,12,INSUFFICIENT_BASELINE,INSUFFICIENT_DAYS
257,ASOS,129.02009,35.30737,6.29,2024,359,0,21.770194986072433,,53,0,,38.7,,,12,INSUFFICIENT_BASELINE,INSUFFICIENT_DAYS
257,ASOS,129.02009,35.30737,6.29,2025,356,0,20.897471910112365,,44,0,,37.4,,,12,INSUFFICIENT_BASELINE,INSUFFICIENT_DAYS
258,ASOS,127.21226,34.76335,1.41,2021,358,0,20.121508379888255,,3,0,,34.5,,,11,INSUFFICIENT_BASELINE,INSUFFICIENT_DAYS
258,ASOS,127.21226,34.76335,1.41,2022,358,0,19.8340782122905,,2,0,,33.8,,,11,INSUFFICIENT_BASELINE,INSUFFICIENT_DAYS
258,ASOS,127.21226,34.76335,1.41,2023,358,0,20.132681564245797,,9,0,,36.2,,,11,INSUFFICIENT_BASELINE,INSUFFICIENT_DAYS
258,ASOS,127.21226,34.76335,1.41,2024,359,0,20.606963788300828,,31,0,,36,,,11,INSUFFICIENT_BASELINE,INSUFFICIENT_DAYS
258,ASOS,127.21226,34.76335,1.41,2025,358,0,20.124581005586602,,24,0,,34.4,,,11,INSUFFICIENT_BASELINE,INSUFFICIENT_DAYS
259,ASOS,126.76715,34.6289,9.95,2021,358,0,20.075418994413404,,5,0,,34.6,,,11,INSUFFICIENT_BASELINE,INSUFFICIENT_DAYS
259,ASOS,126.78408,34.64457,16.19,2022,358,0,19.87430167597765,,7,0,,34.8,,,11,INSUFFICIENT_BASELINE,INSUFFICIENT_DAYS
259,ASOS,126.78408,34.64457,16.19,2023,358,0,20.21480446927375,,13,0,,36.1,,,11,INSUFFICIENT_BASELINE,INSUFFICIENT_DAYS
259,ASOS,126.78408,34.64457,16.19,2024,357,0,20.652380952380955,,39,0,,36.1,,,11,INSUFFICIENT_BASELINE,INSUFFICIENT_DAYS
259,ASOS,126.78408,34.64457,16.19,2025,351,0,20.43333333333333,,37,0,,35.5,,,11,INSUFFICIENT_BASELINE,INSUFFICIENT_DAYS
260,ASOS,126.91951,34.68886,43.99,2021,358,0,19.667318435754183,,3,0,,33.9,,,23,INSUFFICIENT_BASELINE,INSUFFICIENT_DAYS
260,ASOS,126.91951,34.68886,43.99,2022,358,0,19.503351955307256,,3,0,,33.3,,,23,INSUFFICIENT_BASELINE,INSUFFICIENT_DAYS
260,ASOS,126.91951,34.68886,43.99,2023,358,0,19.93351955307264,,6,0,,35.2,,,23,INSUFFICIENT_BASELINE,INSUFFICIENT_DAYS
260,ASOS,126.91951,34.68886,43.99,2024,359,0,20.456824512534833,,28,0,,35.3,,,23,INSUFFICIENT_BASELINE,INSUFFICIENT_DAYS
260,ASOS,126.91951,34.68886,43.99,2025,357,0,19.978151260504223,,29,0,,35.4,,,23,INSUFFICIENT_BASELINE,INSUFFICIENT_DAYS
261,ASOS,126.56907,34.55375,16.36,2021,358,0,19.33324022346367,,4,0,,34,,,22,INSUFFICIENT_BASELINE,INSUFFICIENT_DAYS
261,ASOS,126.56907,34.55375,16.36,2022,353,0,18.807932011331456,,3,0,,33.7,,,22,INSUFFICIENT_BASELINE,INSUFFICIENT_DAYS
261,ASOS,126.56907,34.55375,16.36,2023,352,0,19.59545454545454,,9,0,,35.2,,,22,INSUFFICIENT_BASELINE,INSUFFICIENT_DAYS
261,ASOS,126.56907,34.55375,16.36,2024,359,0,20.315877437325895,,29,0,,34.7,,,22,INSUFFICIENT_BASELINE,INSUFFICIENT_DAYS
261,ASOS,126.56907,34.55375,16.36,2025,358,0,19.79692737430167,,22,0,,35.1,,,22,INSUFFICIENT_BASELINE,INSUFFICIENT_DAYS
262,ASOS,127.27572,34.61826,51.91,2021,358,0,19.480167597765362,,3,0,,34,,,23,INSUFFICIENT_BASELINE,INSUFFICIENT_DAYS
262,ASOS,127.27572,34.61826,51.91,2022,358,0,18.981284916201112,,0,0,,32.8,,,23,INSUFFICIENT_BASELINE,INSUFFICIENT_DAYS
262,ASOS,127.27572,34.61826,51.91,2023,358,0,19.59748603351956,,3,0,,34.3,,,23,INSUFFICIENT_BASELINE,INSUFFICIENT_DAYS
262,ASOS,127.27572,34.61826,51.91,2024,359,0,20.986072423398348,,37,0,,36.2,,,23,INSUFFICIENT_BASELINE,INSUFFICIENT_DAYS
262,ASOS,127.27572,34.61826,51.91,2025,358,0,20.447765363128486,,37,0,,36.8,,,23,INSUFFICIENT_BASELINE,INSUFFICIENT_DAYS
263,ASOS,128.28812,35.32258,14.1,2021,358,0,21.19972067039107,,22,0,,38.2,,,10,INSUFFICIENT_BASELINE,INSUFFICIENT_DAYS
263,ASOS,128.28812,35.32258,14.1,2022,358,0,20.936312849162032,,26,0,,36.5,,,10,INSUFFICIENT_BASELINE,INSUFFICIENT_DAYS
263,ASOS,128.28812,35.32258,14.1,2023,352,0,21.290624999999995,,24,0,,37.5,,,10,INSUFFICIENT_BASELINE,INSUFFICIENT_DAYS
263,ASOS,128.28812,35.32258,14.1,2024,358,0,21.95111731843575,,55,0,,37.2,,,10,INSUFFICIENT_BASELINE,INSUFFICIENT_DAYS
263,ASOS,128.28812,35.32258,14.1,2025,354,0,20.398587570621473,,34,0,,36.5,,,10,INSUFFICIENT_BASELINE,INSUFFICIENT_DAYS
264,ASOS,127.74538,35.51138,152.07,2021,357,0,19.8047619047619,,12,0,,35.8,,,10,INSUFFICIENT_BASELINE,INSUFFICIENT_DAYS
264,ASOS,127.74538,35.51138,152.07,2022,358,0,19.862569832402222,,14,0,,34.4,,,10,INSUFFICIENT_BASELINE,INSUFFICIENT_DAYS
264,ASOS,127.74538,35.51138,152.07,2023,357,0,20.34929971988793,,23,0,,37,,,10,INSUFFICIENT_BASELINE,INSUFFICIENT_DAYS
264,ASOS,127.74538,35.51138,152.07,2024,357,0,20.585154061624653,,47,0,,36.2,,,10,INSUFFICIENT_BASELINE,INSUFFICIENT_DAYS
264,ASOS,127.74538,35.51138,152.07,2025,356,0,19.89831460674156,,40,0,,37.1,,,10,INSUFFICIENT_BASELINE,INSUFFICIENT_DAYS
266,ASOS,127.6914,34.9434,88.21,2021,358,0,20.151675977653635,,7,0,,35.6,,,9,INSUFFICIENT_BASELINE,INSUFFICIENT_DAYS
266,ASOS,127.6914,34.9434,88.21,2022,358,0,20.262011173184362,,10,0,,33.6,,,9,INSUFFICIENT_BASELINE,INSUFFICIENT_DAYS
266,ASOS,127.6914,34.9434,88.21,2023,358,0,20.4927374301676,,11,0,,36.1,,,9,INSUFFICIENT_BASELINE,INSUFFICIENT_DAYS
266,ASOS,127.6914,34.9434,88.21,2024,359,0,21.03259052924792,,39,0,,36.3,,,9,INSUFFICIENT_BASELINE,INSUFFICIENT_DAYS
266,ASOS,127.6914,34.9434,88.21,2025,358,0,20.45977653631284,,34,0,,36.1,,,9,INSUFFICIENT_BASELINE,INSUFFICIENT_DAYS
268,ASOS,126.25846,34.47296,9.82,2021,350,0,18.896,,0,0,,32.9,,,6,INSUFFICIENT_BASELINE,INSUFFICIENT_DAYS
268,ASOS,126.25846,34.47296,9.82,2022,351,0,18.429629629629638,,0,0,,32.2,,,6,INSUFFICIENT_BASELINE,INSUFFICIENT_DAYS
268,ASOS,126.25846,34.47296,9.82,2023,356,0,18.928370786516872,,4,0,,34.3,,,6,INSUFFICIENT_BASELINE,INSUFFICIENT_DAYS
268,ASOS,126.25846,34.47296,9.82,2024,359,0,19.536211699164344,,10,0,,34.3,,,6,INSUFFICIENT_BASELINE,INSUFFICIENT_DAYS
268,ASOS,126.25846,34.47296,9.82,2025,358,0,18.939385474860327,,7,0,,34.4,,,6,INSUFFICIENT_BASELINE,INSUFFICIENT_DAYS
271,ASOS,128.91449,36.94361,324.67,2021,358,0,15.781843575419003,,0,0,,30.9,,,23,INSUFFICIENT_BASELINE,INSUFFICIENT_DAYS
271,ASOS,128.91449,36.94361,324.67,2022,358,0,16.901396648044706,,1,0,,33,,,23,INSUFFICIENT_BASELINE,INSUFFICIENT_DAYS
271,ASOS,128.91449,36.94361,324.67,2023,358,0,17.633798882681567,,0,0,,32.6,,,23,INSUFFICIENT_BASELINE,INSUFFICIENT_DAYS
271,ASOS,128.91449,36.94361,324.67,2024,357,0,18.259943977591035,,2,0,,33.2,,,23,INSUFFICIENT_BASELINE,INSUFFICIENT_DAYS
271,ASOS,128.91449,36.94361,324.67,2025,358,0,17.4754189944134,,17,0,,34.5,,,23,INSUFFICIENT_BASELINE,INSUFFICIENT_DAYS
272,ASOS,128.51687,36.87183,211.32,2021,358,0,17.49748603351956,,6,0,,34.1,,,23,INSUFFICIENT_BASELINE,INSUFFICIENT_DAYS
272,ASOS,128.51687,36.87183,211.32,2022,358,0,17.424301675977645,,7,0,,34.5,,,23,INSUFFICIENT_BASELINE,INSUFFICIENT_DAYS
272,ASOS,128.51687,36.87183,211.32,2023,358,0,18.034636871508386,,7,0,,34.5,,,23,INSUFFICIENT_BASELINE,INSUFFICIENT_DAYS
272,ASOS,128.51687,36.87183,211.32,2024,359,0,18.510027855153208,,13,0,,34.8,,,23,INSUFFICIENT_BASELINE,INSUFFICIENT_DAYS
272,ASOS,128.51687,36.87183,211.32,2025,358,0,17.789106145251406,,19,0,,35.6,,,23,INSUFFICIENT_BASELINE,INSUFFICIENT_DAYS
273,ASOS,128.14879,36.62727,173.01,2021,358,0,17.928491620111746,,6,0,,33.8,,,23,INSUFFICIENT_BASELINE,INSUFFICIENT_DAYS
273,ASOS,128.14879,36.62727,173.01,2022,358,0,17.981843575418996,,9,0,,34.6,,,23,INSUFFICIENT_BASELINE,INSUFFICIENT_DAYS
273,ASOS,128.14879,36.62727,173.01,2023,358,0,18.662849162011188,,8,0,,34.9,,,23,INSUFFICIENT_BASELINE,INSUFFICIENT_DAYS
273,ASOS,128.14879,36.62727,173.01,2024,359,0,18.988857938718667,,15,0,,35.1,,,23,INSUFFICIENT_BASELINE,INSUFFICIENT_DAYS
273,ASOS,128.14879,36.62727,173.01,2025,358,0,18.416759776536306,,26,0,,35.5,,,23,INSUFFICIENT_BASELINE,INSUFFICIENT_DAYS
276,ASOS,129.04005,36.4351,208.65,2021,358,0,18.402793296089385,,13,0,,36.3,,,10,INSUFFICIENT_BASELINE,INSUFFICIENT_DAYS
276,ASOS,129.04005,36.4351,208.65,2022,358,0,18.554189944134077,,15,0,,36.2,,,10,INSUFFICIENT_BASELINE,INSUFFICIENT_DAYS
276,ASOS,129.04005,36.4351,208.65,2023,358,0,19.234078212290484,,18,0,,35.8,,,10,INSUFFICIENT_BASELINE,INSUFFICIENT_DAYS
276,ASOS,129.04005,36.4351,208.65,2024,359,0,19.610863509749297,,42,0,,36.4,,,10,INSUFFICIENT_BASELINE,INSUFFICIENT_DAYS
276,ASOS,129.04005,36.4351,208.65,2025,358,0,19.211731843575425,,47,0,,37.4,,,10,INSUFFICIENT_BASELINE,INSUFFICIENT_DAYS
277,ASOS,129.40926,36.53337,40.71,2021,358,0,18.21843575418993,,3,0,,33.8,,,23,INSUFFICIENT_BASELINE,INSUFFICIENT_DAYS
277,ASOS,129.40926,36.53337,40.71,2022,358,0,18.39916201117319,,9,0,,36,,,23,INSUFFICIENT_BASELINE,INSUFFICIENT_DAYS
277,ASOS,129.40926,36.53337,40.71,2023,356,0,18.69382022471909,,2,0,,34.6,,,23,INSUFFICIENT_BASELINE,INSUFFICIENT_DAYS
277,ASOS,129.40926,36.53337,40.71,2024,358,0,19.009776536312838,,15,0,,36,,,23,INSUFFICIENT_BASELINE,INSUFFICIENT_DAYS
277,ASOS,129.40926,36.53337,40.71,2025,358,0,18.901955307262586,,30,0,,36.6,,,23,INSUFFICIENT_BASELINE,INSUFFICIENT_DAYS
278,ASOS,128.68864,36.3561,81.44,2021,358,0,19.389385474860322,,20,0,,37,,,23,INSUFFICIENT_BASELINE,INSUFFICIENT_DAYS
278,ASOS,128.68864,36.3561,81.44,2022,358,0,19.428491620111743,,21,0,,36.7,,,23,INSUFFICIENT_BASELINE,INSUFFICIENT_DAYS
278,ASOS,128.68864,36.3561,81.44,2023,358,0,20.006424581005575,,20,0,,36.7,,,23,INSUFFICIENT_BASELINE,INSUFFICIENT_DAYS
278,ASOS,128.68864,36.3561,81.44,2024,359,0,20.457103064066832,,51,0,,36.6,,,23,INSUFFICIENT_BASELINE,INSUFFICIENT_DAYS
278,ASOS,128.68864,36.3561,81.44,2025,358,0,19.929050279329605,,48,0,,38,,,23,INSUFFICIENT_BASELINE,INSUFFICIENT_DAYS
279,ASOS,128.32055,36.13055,49.17,2021,358,0,19.55446927374302,,14,0,,35.2,,,23,INSUFFICIENT_BASELINE,INSUFFICIENT_DAYS
279,ASOS,128.32055,36.13055,49.17,2022,358,0,19.526256983240224,,18,0,,35.6,,,23,INSUFFICIENT_BASELINE,INSUFFICIENT_DAYS
279,ASOS,128.32055,36.13055,49.17,2023,358,0,19.942178770949724,,18,0,,35.5,,,23,INSUFFICIENT_BASELINE,INSUFFICIENT_DAYS
279,ASOS,128.32055,36.13055,49.17,2024,359,0,20.430083565459622,,40,0,,36.4,,,23,INSUFFICIENT_BASELINE,INSUFFICIENT_DAYS
279,ASOS,128.32055,36.13055,49.17,2025,357,0,20.344537815126046,,47,0,,38,,,23,INSUFFICIENT_BASELINE,INSUFFICIENT_DAYS
281,ASOS,128.9514,35.97742,96.12,2021,358,0,19.095251396648038,,9,0,,36,,,23,INSUFFICIENT_BASELINE,INSUFFICIENT_DAYS
281,ASOS,128.9514,35.97742,96.12,2022,358,0,19.18240223463689,,9,0,,35.3,,,23,INSUFFICIENT_BASELINE,INSUFFICIENT_DAYS
281,ASOS,128.9514,35.97742,96.12,2023,358,0,19.685195530726247,,14,0,,35.7,,,23,INSUFFICIENT_BASELINE,INSUFFICIENT_DAYS
281,ASOS,128.9514,35.97742,96.12,2024,359,0,20.109749303621186,,37,0,,35.9,,,23,INSUFFICIENT_BASELINE,INSUFFICIENT_DAYS
281,ASOS,128.9514,35.97742,96.12,2025,358,0,19.67067039106145,,38,0,,36.2,,,23,INSUFFICIENT_BASELINE,INSUFFICIENT_DAYS
283,ASOS,129.20123,35.81747,40.13,2021,358,0,19.811731843575423,,14,0,,36.5,,,10,INSUFFICIENT_BASELINE,INSUFFICIENT_DAYS
283,ASOS,129.20123,35.81747,40.13,2022,358,0,20.154189944134075,,31,0,,37,,,10,INSUFFICIENT_BASELINE,INSUFFICIENT_DAYS
283,ASOS,129.20123,35.81747,40.13,2023,357,0,20.59579831932773,,25,0,,37.2,,,10,INSUFFICIENT_BASELINE,INSUFFICIENT_DAYS
283,ASOS,129.20123,35.81747,40.13,2024,358,0,20.903631284916198,,53,0,,38.5,,,10,INSUFFICIENT_BASELINE,INSUFFICIENT_DAYS
283,ASOS,129.20123,35.81747,40.13,2025,358,0,20.389385474860333,,47,0,,37.4,,,10,INSUFFICIENT_BASELINE,INSUFFICIENT_DAYS
284,ASOS,127.9099,35.66739,228.45,2021,358,0,19.09385474860336,,7,0,,34.4,,,23,INSUFFICIENT_BASELINE,INSUFFICIENT_DAYS
284,ASOS,127.9099,35.66739,228.45,2022,358,0,19.19804469273745,,9,0,,34.8,,,23,INSUFFICIENT_BASELINE,INSUFFICIENT_DAYS
284,ASOS,127.9099,35.66739,228.45,2023,357,0,19.49579831932774,,7,0,,33.9,,,23,INSUFFICIENT_BASELINE,INSUFFICIENT_DAYS
284,ASOS,127.9099,35.66739,228.45,2024,359,0,19.52228412256267,,21,0,,34.7,,,23,INSUFFICIENT_BASELINE,INSUFFICIENT_DAYS
284,ASOS,127.9099,35.66739,228.45,2025,355,0,19.471830985915496,,32,0,,36.2,,,23,INSUFFICIENT_BASELINE,INSUFFICIENT_DAYS
285,ASOS,128.16994,35.56505,26.72,2021,358,0,20.098324022346368,,13,0,,36.1,,,22,INSUFFICIENT_BASELINE,INSUFFICIENT_DAYS
285,ASOS,128.16994,35.56505,26.72,2022,358,0,20.17402234636871,,20,0,,34.9,,,22,INSUFFICIENT_BASELINE,INSUFFICIENT_DAYS
285,ASOS,128.16994,35.56505,26.72,2023,358,0,20.600558659217874,,14,0,,36.1,,,22,INSUFFICIENT_BASELINE,INSUFFICIENT_DAYS
285,ASOS,128.16994,35.56505,26.72,2024,359,0,21.25236768802228,,48,0,,37.2,,,22,INSUFFICIENT_BASELINE,INSUFFICIENT_DAYS
285,ASOS,128.16994,35.56505,26.72,2025,358,0,20.694413407821216,,41,0,,37.3,,,22,INSUFFICIENT_BASELINE,INSUFFICIENT_DAYS
288,ASOS,128.74412,35.49147,8.31,2021,358,0,20.584636871508373,,21,0,,37.6,,,22,INSUFFICIENT_BASELINE,INSUFFICIENT_DAYS
288,ASOS,128.74412,35.49147,8.31,2022,358,0,20.649162011173182,,26,0,,35.6,,,22,INSUFFICIENT_BASELINE,INSUFFICIENT_DAYS
288,ASOS,128.74412,35.49147,8.31,2023,357,0,20.913445378151263,,20,0,,37.1,,,22,INSUFFICIENT_BASELINE,INSUFFICIENT_DAYS
288,ASOS,128.74412,35.49147,8.31,2024,359,0,21.442618384401115,,53,0,,37.6,,,22,INSUFFICIENT_BASELINE,INSUFFICIENT_DAYS
288,ASOS,128.74412,35.49147,8.31,2025,358,0,21.112290502793282,,49,0,,38.3,,,22,INSUFFICIENT_BASELINE,INSUFFICIENT_DAYS
289,ASOS,127.8791,35.413,138.22,2021,358,0,19.572905027932965,,9,0,,36,,,23,INSUFFICIENT_BASELINE,INSUFFICIENT_DAYS
289,ASOS,127.8791,35.413,138.22,2022,358,0,19.51173184357543,,11,0,,35,,,23,INSUFFICIENT_BASELINE,INSUFFICIENT_DAYS
289,ASOS,127.8791,35.413,138.22,2023,358,0,19.909776536312858,,12,0,,35.9,,,23,INSUFFICIENT_BASELINE,INSUFFICIENT_DAYS
289,ASOS,127.8791,35.413,138.22,2024,359,0,20.331754874651807,,37,0,,36,,,23,INSUFFICIENT_BASELINE,INSUFFICIENT_DAYS
289,ASOS,127.8791,35.413,138.22,2025,356,0,19.633707865168542,,33,0,,36.4,,,23,INSUFFICIENT_BASELINE,INSUFFICIENT_DAYS
294,ASOS,128.60459,34.88818,44.83,2021,358,0,19.14301675977652,,2,0,,33.6,,,23,INSUFFICIENT_BASELINE,INSUFFICIENT_DAYS
294,ASOS,128.60459,34.88818,44.83,2022,358,0,18.8064245810056,,0,0,,31.9,,,23,INSUFFICIENT_BASELINE,INSUFFICIENT_DAYS
294,ASOS,128.60459,34.88818,44.83,2023,358,0,19.253631284916203,,5,0,,33.5,,,23,INSUFFICIENT_BASELINE,INSUFFICIENT_DAYS
294,ASOS,128.60459,34.88818,44.83,2024,359,0,19.866852367688026,,8,0,,34.4,,,23,INSUFFICIENT_BASELINE,INSUFFICIENT_DAYS
294,ASOS,128.60459,34.88818,44.83,2025,358,0,19.05949720670391,,4,0,,34.3,,,23,INSUFFICIENT_BASELINE,INSUFFICIENT_DAYS
295,ASOS,127.92641,34.81662,45.71,2021,358,0,19.53854748603352,,4,0,,35.1,,,23,INSUFFICIENT_BASELINE,INSUFFICIENT_DAYS
295,ASOS,127.92641,34.81662,45.71,2022,358,0,19.197486033519546,,1,0,,33.7,,,23,INSUFFICIENT_BASELINE,INSUFFICIENT_DAYS
295,ASOS,127.92641,34.81662,45.71,2023,358,0,19.591620111731846,,8,0,,34.6,,,23,INSUFFICIENT_BASELINE,INSUFFICIENT_DAYS
295,ASOS,127.92641,34.81662,45.71,2024,359,0,20.115877437325928,,19,0,,34.9,,,23,INSUFFICIENT_BASELINE,INSUFFICIENT_DAYS
295,ASOS,127.92641,34.81662,45.71,2025,358,0,19.54916201117319,,12,0,,34.3,,,23,INSUFFICIENT_BASELINE,INSUFFICIENT_DAYS
296,ASOS,128.96024,35.21778,3,2023,349,0,20.878796561604567,,12,0,,35.6,,,0,MISSING_BASELINE,INSUFFICIENT_DAYS
296,ASOS,128.96024,35.21778,3,2024,359,0,21.37019498607242,,38,0,,36.7,,,0,MISSING_BASELINE,INSUFFICIENT_DAYS
296,ASOS,128.96024,35.21778,3,2025,358,0,20.718715083798877,,38,0,,36.3,,,0,MISSING_BASELINE,INSUFFICIENT_DAYS
