station_id,longitude,latitude,elevation_m,year,valid_days,heatwave_days,valid_nights,tropical_nights,wsdi_days,maximum_warm_spell_days
90,128.56473,38.25085,17.53,2021,358,1,351,7,0,3
90,128.56473,38.25085,17.53,2022,358,3,351,8,0,2
90,128.56473,38.25085,17.53,2023,356,11,349,11,0,5
90,128.56473,38.25085,17.53,2024,359,12,352,25,0,3
90,128.56473,38.25085,17.53,2025,358,8,351,24,0,2
93,127.75443,37.94738,95.78,2021,358,17,351,0,0,4
93,127.75443,37.94738,95.78,2022,358,11,351,4,0,4
93,127.75443,37.94738,95.78,2023,358,21,351,5,0,4
93,127.75443,37.94738,95.78,2024,359,25,352,14,0,4
93,127.75443,37.94738,95.78,2025,358,22,351,5,0,3
95,127.3042,38.14787,155.48,2021,358,11,351,0,0,3
95,127.3042,38.14787,155.48,2022,358,2,351,4,0,2
95,127.3042,38.14787,155.48,2023,358,3,351,0,0,4
95,127.3042,38.14787,155.48,2024,359,18,352,7,0,3
95,127.3042,38.14787,155.48,2025,358,11,351,3,0,3
98,127.0607,37.90188,115.62,2021,358,10,351,1,0,3
98,127.0607,37.90188,115.62,2022,358,4,350,6,0,3
98,127.0607,37.90188,115.62,2023,358,5,351,4,0,4
98,127.0607,37.90188,115.62,2024,356,10,350,19,0,4
98,127.0607,37.90188,115.62,2025,357,13,350,7,0,2
99,126.76648,37.88589,30.59,2021,358,10,351,0,0,3
99,126.76648,37.88589,30.59,2022,358,2,351,5,0,3
99,126.76648,37.88589,30.59,2023,358,2,351,0,0,3
99,126.76648,37.88589,30.59,2024,358,14,350,13,0,5
99,126.76648,37.88589,30.59,2025,357,10,350,4,0,2
100,128.71834,37.67713,772.43,2021,358,0,351,0,0,3
100,128.71834,37.67713,772.43,2022,358,0,351,0,0,3
100,128.71834,37.67713,772.43,2023,358,0,351,0,0,5
100,128.71834,37.67713,772.43,2024,359,0,352,0,0,4
100,128.71834,37.67713,772.43,2025,352,0,346,0,6,6
101,127.7357,37.90262,75.82,2021,358,20,351,7,0,4
101,127.7357,37.90262,75.82,2022,358,11,351,14,0,3
101,127.7357,37.90262,75.82,2023,358,18,351,2,0,4
101,127.7357,37.90262,75.82,2024,356,23,350,20,0,4
101,127.7357,37.90262,75.82,2025,355,25,349,6,0,3
102,124.71237,37.97396,36,2021,358,0,351,0,0,3
102,124.71237,37.97396,36,2022,358,0,351,3,0,1
102,124.71237,37.97396,36,2023,358,0,351,0,0,2
102,124.71237,37.97396,36,2024,359,0,352,12,0,3
102,124.71237,37.97396,36,2025,358,0,351,6,0,5
104,128.85535,37.80456,75.24,2021,358,1,351,1,0,3
104,128.85535,37.80456,75.24,2022,358,5,351,9,0,3
104,128.85535,37.80456,75.24,2023,358,6,351,10,0,5
104,128.85535,37.80456,75.24,2024,359,11,352,23,0,3
104,128.85535,37.80456,75.24,2025,358,26,351,25,0,3
105,128.89099,37.75147,27.12,2021,358,9,351,11,0,3
105,128.89099,37.75147,27.12,2022,358,12,350,26,0,3
105,128.89099,37.75147,27.12,2023,358,19,351,21,0,5
105,128.89099,37.75147,27.12,2024,358,26,351,36,0,2
105,128.89099,37.75147,27.12,2025,358,38,351,40,0,3
106,129.12433,37.50709,40.46,2021,358,0,351,3,0,2
106,129.12433,37.50709,40.46,2022,358,3,350,7,0,2
106,129.12433,37.50709,40.46,2023,358,7,351,7,0,4
106,129.12433,37.50709,40.46,2024,357,13,350,24,0,3
106,129.12433,37.50709,40.46,2025,358,11,351,28,0,2
108,126.9658,37.57142,85.67,2021,358,17,351,19,0,3
108,126.9658,37.57142,85.67,2022,358,8,351,23,0,3
108,126.9658,37.57142,85.67,2023,358,15,351,24,0,4
108,126.9658,37.57142,85.67,2024,359,27,352,48,0,4
108,126.9658,37.57142,85.67,2025,358,25,351,44,0,3
112,126.6249,37.47772,68.99,2021,358,7,351,21,0,3
112,126.6249,37.47772,68.99,2022,358,2,351,14,0,2
112,126.6249,37.47772,68.99,2023,358,3,351,20,0,4
112,126.6249,37.47772,68.99,2024,359,10,352,46,6,6
112,126.6249,37.47772,68.99,2025,358,11,351,39,0,3
114,127.94659,37.33749,150.11,2021,358,14,351,3,0,3
114,127.94659,37.33749,150.11,2022,358,5,351,12,0,4
114,127.94659,37.33749,150.11,2023,358,10,350,11,0,4
114,127.94659,37.33749,150.11,2024,359,20,352,31,0,5
114,127.94659,37.33749,150.11,2025,358,23,351,20,0,3
115,130.89863,37.48129,221.14,2021,356,0,349,6,0,2
115,130.89863,37.48129,221.14,2022,358,0,351,11,0,2
115,130.89863,37.48129,221.14,2023,358,1,351,21,0,4
115,130.89863,37.48129,221.14,2024,359,2,352,32,0,3
115,130.89863,37.48129,221.14,2025,358,1,351,38,0,4
119,126.983,37.25746,39.81,2021,358,15,351,16,0,4
119,126.983,37.25746,39.81,2022,358,7,351,17,0,3
119,126.983,37.25746,39.81,2023,358,14,351,9,0,4
119,126.983,37.25746,39.81,2024,359,23,352,31,0,4
119,126.983,37.25746,39.81,2025,358,16,351,24,0,3
121,128.45743,37.18126,240.54,2021,358,14,351,0,0,4
121,128.45743,37.18126,240.54,2022,358,7,350,1,0,3
121,128.45743,37.18126,240.54,2023,358,11,351,0,0,5
121,128.45743,37.18126,240.54,2024,359,20,352,2,0,4
121,128.45743,37.18126,240.54,2025,358,23,351,0,0,4
127,127.9525,36.97045,114.85,2021,358,15,351,1,0,3
127,127.9525,36.97045,114.85,2022,358,8,351,9,0,4
127,127.9525,36.97045,114.85,2023,358,14,351,5,0,4
127,127.9525,36.97045,114.85,2024,359,29,352,17,0,4
127,127.9525,36.97045,114.85,2025,354,25,349,7,0,3
129,126.4939,36.77658,25.25,2021,358,15,351,1,0,3
129,126.4939,36.77658,25.25,2022,358,6,351,12,0,3
129,126.4939,36.77658,25.25,2023,358,10,351,7,6,6
129,126.4939,36.77658,25.25,2024,359,20,352,33,6,6
129,126.4939,36.77658,25.25,2025,358,15,351,20,0,5
130,129.41278,36.99176,48.98,2021,358,0,351,3,0,2
130,129.41278,36.99176,48.98,2022,358,5,351,7,0,3
130,129.41278,36.99176,48.98,2023,358,4,351,8,0,4
130,129.41278,36.99176,48.98,2024,359,12,352,21,0,2
130,129.41278,36.99176,48.98,2025,358,13,351,19,0,4
131,127.44066,36.63924,58.7,2021,358,20,351,18,0,4
131,127.44066,36.63924,58.7,2022,358,18,351,24,0,4
131,127.44066,36.63924,58.7,2023,358,21,351,30,0,4
131,127.44066,36.63924,58.7,2024,358,40,351,50,0,5
131,127.44066,36.63924,58.7,2025,358,40,351,44,0,4
133,127.3721,36.37199,67.79,2021,358,20,351,14,0,4
133,127.3721,36.37199,67.79,2022,358,14,351,18,0,3
133,127.3721,36.37199,67.79,2023,358,17,351,8,6,6
133,127.3721,36.37199,67.79,2024,359,38,352,39,0,4
133,127.3721,36.37199,67.79,2025,358,36,351,32,0,2
135,127.99458,36.22025,244.98,2021,358,2,351,0,0,4
135,127.99458,36.22025,244.98,2022,358,6,351,1,0,4
135,127.99458,36.22025,244.98,2023,358,4,351,1,0,5
135,127.99458,36.22025,244.98,2024,359,11,352,6,0,3
135,127.99458,36.22025,244.98,2025,358,11,351,0,0,3
136,128.70733,36.57293,141.26,2021,358,14,351,1,0,4
136,128.70733,36.57293,141.26,2022,358,15,351,9,0,4
136,128.70733,36.57293,141.26,2023,358,16,351,6,0,4
136,128.70733,36.57293,141.26,2024,359,35,352,16,0,4
136,128.70733,36.57293,141.26,2025,358,37,351,8,0,2
137,128.15741,36.40837,96.58,2021,358,14,351,0,0,5
137,128.15741,36.40837,96.58,2022,358,18,351,10,0,4
137,128.15741,36.40837,96.58,2023,358,16,351,7,0,3
137,128.15741,36.40837,96.58,2024,359,36,352,17,0,5
137,128.15741,36.40837,96.58,2025,358,34,351,14,0,3
138,129.38002,36.03201,3.94,2021,358,9,351,21,0,3
138,129.38002,36.03201,3.94,2022,358,21,351,27,0,3
138,129.38002,36.03201,3.94,2023,358,19,351,22,0,5
138,129.38002,36.03201,3.94,2024,359,25,352,46,0,3
138,129.38002,36.03201,3.94,2025,358,40,351,44,0,4
140,126.76135,36.0053,27.85,2021,357,7,351,3,0,4
140,126.76135,36.0053,27.85,2022,355,5,348,18,0,3
140,126.76135,36.0053,27.85,2023,358,10,351,11,0,3
140,126.76135,36.0053,27.85,2024,359,22,352,37,0,4
140,126.76135,36.0053,27.85,2025,358,14,351,20,0,3
143,128.65296,35.87797,54.27,2021,358,18,351,7,0,3
143,128.65296,35.87797,54.27,2022,358,32,351,29,0,2
143,128.65296,35.87797,54.27,2023,358,21,351,13,0,4
143,128.65296,35.87797,54.27,2024,359,50,352,35,0,3
143,128.65296,35.87797,54.27,2025,358,46,351,25,0,3
146,127.11718,35.84092,60.44,2021,358,15,351,12,0,3
146,127.11718,35.84092,60.44,2022,358,8,351,24,0,3
146,127.11718,35.84092,60.44,2023,358,15,351,21,0,4
146,127.11718,35.84092,60.44,2024,359,32,352,45,0,3
146,127.11718,35.84092,60.44,2025,358,42,351,38,6,6
152,129.33469,35.58237,81.14,2021,358,3,351,3,0,2
152,129.33469,35.58237,81.14,2022,358,8,351,20,0,3
152,129.33469,35.58237,81.14,2023,358,2,351,7,0,5
152,129.33469,35.58237,81.14,2024,359,14,352,22,0,4
152,129.33469,35.58237,81.14,2025,358,24,351,19,0,3
155,128.57282,35.17019,34.97,2021,358,6,351,13,0,3
155,128.57282,35.17019,34.97,2022,358,8,351,20,0,2
155,128.57282,35.17019,34.97,2023,358,11,351,22,0,4
155,128.57282,35.17019,34.97,2024,359,36,352,56,0,3
155,128.57282,35.17019,34.97,2025,358,25,351,32,0,3
156,126.89156,35.17294,70.28,2021,358,11,351,12,0,3
156,126.89156,35.17294,70.28,2022,358,9,351,28,0,3
156,126.89156,35.17294,70.28,2023,358,14,351,17,0,4
156,126.89156,35.17294,70.28,2024,359,26,352,37,0,4
156,126.89156,35.17294,70.28,2025,358,35,351,35,0,4
159,129.03203,35.10468,69.56,2021,358,1,351,24,0,3
159,129.03203,35.10468,69.56,2022,358,1,351,24,0,2
159,129.03203,35.10468,69.56,2023,358,4,351,28,0,4
159,129.03203,35.10468,69.56,2024,359,14,352,54,0,4
159,129.03203,35.10468,69.56,2025,358,9,351,52,0,4
162,128.43561,34.84541,31.24,2021,358,4,351,22,0,3
162,128.43561,34.84541,31.24,2022,358,1,350,23,0,2
162,128.43561,34.84541,31.24,2023,357,4,350,18,0,3
162,128.43561,34.84541,31.24,2024,358,17,351,46,0,3
162,128.43561,34.84541,31.24,2025,358,9,351,20,0,4
165,126.38151,34.81732,44.7,2021,358,2,351,19,0,3
165,126.38151,34.81732,44.7,2022,358,3,351,28,0,3
165,126.38151,34.81732,44.7,2023,358,6,351,25,0,4
165,126.38151,34.81732,44.7,2024,359,14,352,49,0,3
165,126.38151,34.81732,44.7,2025,358,13,351,47,0,4
168,127.74063,34.73929,65.93,2021,358,3,351,30,0,2
168,127.74063,34.73929,65.93,2022,358,0,351,26,0,2
168,127.74063,34.73929,65.93,2023,358,3,351,26,0,4
168,127.74063,34.73929,65.93,2024,359,8,352,57,0,3
168,127.74063,34.73929,65.93,2025,358,1,351,46,0,3
169,125.45105,34.68719,75.12,2021,358,0,351,12,0,3
169,125.45105,34.68719,75.12,2022,357,0,351,10,0,2
169,125.45105,34.68719,75.12,2023,358,0,351,2,0,3
169,125.45105,34.68719,75.12,2024,359,19,352,38,0,4
169,125.45105,34.68719,75.12,2025,358,14,351,30,6,6
170,126.70182,34.3959,35.37,2021,356,1,350,9,0,2
170,126.70182,34.3959,35.37,2022,358,1,349,18,0,3
170,126.70182,34.3959,35.37,2023,357,5,349,16,0,4
170,126.70182,34.3959,35.37,2024,353,41,348,41,0,3
170,126.70182,34.3959,35.37,2025,358,41,351,30,0,4
172,126.599,35.34824,52.42,2021,354,15,348,4,0,2
172,126.599,35.34824,52.42,2022,358,7,351,22,0,3
172,126.599,35.34824,52.42,2023,342,12,336,4,0,5
172,126.599,35.34824,52.42,2024,345,35,337,34,0,4
172,126.599,35.34824,52.42,2025,358,24,351,20,0,3
174,127.3694,35.0204,165,2021,358,3,351,0,0,3
174,127.3694,35.0204,165,2022,358,1,351,5,0,3
174,127.3694,35.0204,165,2023,357,6,350,0,7,7
174,127.3694,35.0204,165,2024,359,5,352,3,0,3
174,127.3694,35.0204,165,2025,355,13,349,1,0,3
177,126.68772,36.65759,27.74,2021,358,9,351,1,0,4
177,126.68772,36.65759,27.74,2022,358,6,351,15,0,3
177,126.68772,36.65759,27.74,2023,358,10,351,10,0,5
177,126.68772,36.65759,27.74,2024,359,18,352,29,0,4
177,126.68772,36.65759,27.74,2025,358,20,351,20,0,5
181,127.38458,36.63994,33.55,2022,333,10,327,8,0,2
181,127.38458,36.63994,33.55,2023,358,13,351,0,0,2
181,127.38458,36.63994,33.55,2024,358,8,351,5,0,2
181,127.38458,36.63994,33.55,2025,358,20,351,8,0,2
184,126.52969,33.51411,20.79,2021,358,3,351,46,0,3
184,126.52969,33.51411,20.79,2022,358,22,351,54,0,3
184,126.52969,33.51411,20.79,2023,358,13,351,49,0,4
184,126.52969,33.51411,20.79,2024,359,33,352,73,0,3
184,126.52969,33.51411,20.79,2025,358,23,351,70,0,4
185,126.16283,33.29382,71.39,2021,358,1,351,33,0,3
185,126.16283,33.29382,71.39,2022,358,1,351,38,0,3
185,126.16283,33.29382,71.39,2023,358,1,351,30,0,3
185,126.16283,33.29382,71.39,2024,359,4,352,53,0,2
185,126.16283,33.29382,71.39,2025,358,4,351,52,0,3
188,126.8802,33.38677,20.34,2021,358,0,351,32,0,3
188,126.8802,33.38677,20.34,2022,358,5,351,32,0,3
188,126.8802,33.38677,20.34,2023,358,0,351,35,6,6
188,126.8802,33.38677,20.34,2024,359,2,352,58,0,2
188,126.8802,33.38677,20.34,2025,357,6,350,48,0,4
189,126.5653,33.24616,51.86,2021,358,0,351,33,0,2
189,126.5653,33.24616,51.86,2022,358,1,351,47,0,2
189,126.5653,33.24616,51.86,2023,358,3,351,42,0,3
189,126.5653,33.24616,51.86,2024,359,18,352,69,0,3
189,126.5653,33.24616,51.86,2025,358,16,351,75,0,4
192,128.04004,35.16378,29.35,2021,357,9,350,2,0,3
192,128.04004,35.16378,29.35,2022,355,12,349,16,0,3
192,128.04004,35.16378,29.35,2023,358,12,351,7,6,6
192,128.04004,35.16378,29.35,2024,359,36,352,27,0,3
192,128.04004,35.16378,29.35,2025,358,29,351,5,0,3
201,126.44634,37.70739,47.84,2021,358,6,351,1,0,3
201,126.44634,37.70739,47.84,2022,356,1,350,11,0,3
201,126.44634,37.70739,47.84,2023,358,1,351,1,0,4
201,126.44634,37.70739,47.84,2024,359,1,352,11,6,6
201,126.44634,37.70739,47.84,2025,358,4,351,11,0,3
202,127.49446,37.48863,47.26,2021,358,12,351,0,0,3
202,127.49446,37.48863,47.26,2022,357,4,350,7,0,3
202,127.49446,37.48863,47.26,2023,358,10,351,5,0,4
202,127.49446,37.48863,47.26,2024,359,16,352,21,0,4
202,127.49446,37.48863,47.26,2025,358,17,351,11,0,3
203,127.48421,37.26399,80.09,2021,358,19,351,1,0,4
203,127.48421,37.26399,80.09,2022,358,9,351,11,0,3
203,127.48421,37.26399,80.09,2023,358,19,351,4,0,4
203,127.48421,37.26399,80.09,2024,359,27,352,21,0,4
203,127.48421,37.26399,80.09,2025,358,23,351,11,0,5
211,128.16811,38.05991,202,2021,358,17,351,0,0,3
211,128.16811,38.05991,202,2022,358,6,351,1,0,3
211,128.16811,38.05991,202,2023,358,16,351,0,0,3
211,128.16811,38.05991,202,2024,359,20,352,8,0,4
211,128.16811,38.05991,202,2025,357,8,350,2,0,3
212,127.88043,37.6836,140.2,2021,358,16,351,0,0,4
212,127.88043,37.6836,140.2,2022,358,7,351,3,0,3
212,127.88043,37.6836,140.2,2023,358,17,351,1,0,4
212,127.88043,37.6836,140.2,2024,359,22,352,7,0,4
212,127.88043,37.6836,140.2,2025,352,22,345,1,0,3
216,128.98929,37.17038,714.45,2021,358,0,351,0,0,3
216,128.98929,37.17038,714.45,2022,358,0,350,0,0,3
216,128.98929,37.17038,714.45,2023,357,0,350,0,0,4
216,128.98929,37.17038,714.45,2024,359,2,352,0,0,4
216,128.98929,37.17038,714.45,2025,358,8,351,0,0,3
217,128.67312,37.38071,312,2021,358,17,351,0,0,2
217,128.67312,37.38071,312,2022,358,13,351,1,0,3
217,128.67312,37.38071,312,2023,355,23,348,0,0,3
217,128.67312,37.38071,312,2024,359,42,351,3,0,4
217,128.67312,37.38071,312,2025,354,36,348,2,0,3
221,128.19433,37.15928,264.62,2021,358,6,351,0,0,4
221,128.19433,37.15928,264.62,2022,358,3,351,1,0,4
221,128.19433,37.15928,264.62,2023,358,4,351,0,0,5
221,128.19433,37.15928,264.62,2024,359,10,352,2,6,6
221,128.19433,37.15928,264.62,2025,358,10,351,1,0,3
226,127.73415,36.48761,171.31,2021,358,6,351,0,0,5
226,127.73415,36.48761,171.31,2022,358,4,351,2,0,4
226,127.73415,36.48761,171.31,2023,358,7,351,3,0,4
226,127.73415,36.48761,171.31,2024,358,12,350,3,0,4
226,127.73415,36.48761,171.31,2025,358,10,351,1,0,3
232,127.29282,36.76217,84.78,2021,358,12,351,1,0,3
232,127.29282,36.76217,84.78,2022,358,4,351,10,0,4
232,127.29282,36.76217,84.78,2023,358,10,351,3,0,4
232,127.29282,36.76217,84.78,2024,359,17,351,13,0,4
232,127.29282,36.76217,84.78,2025,357,15,351,2,0,4
235,126.55744,36.32724,9.98,2021,358,4,351,4,0,3
235,126.55744,36.32724,9.98,2022,358,4,351,17,0,3
235,126.55744,36.32724,9.98,2023,358,8,351,10,0,4
235,126.55744,36.32724,9.98,2024,359,27,352,36,0,5
235,126.55744,36.32724,9.98,2025,358,18,351,29,0,5
236,126.92079,36.27242,13.42,2021,358,15,351,1,0,4
236,126.92079,36.27242,13.42,2022,358,10,351,16,0,2
236,126.92079,36.27242,13.42,2023,358,18,351,4,0,4
236,126.92079,36.27242,13.42,2024,359,32,352,24,0,4
236,126.92079,36.27242,13.42,2025,358,24,351,12,6,6
238,127.48175,36.10563,170.17,2021,358,13,351,1,0,4
238,127.48175,36.10563,170.17,2022,357,9,350,4,0,4
238,127.48175,36.10563,170.17,2023,358,10,350,2,0,4
238,127.48175,36.10563,170.17,2024,359,32,352,15,0,5
238,127.48175,36.10563,170.17,2025,358,27,351,4,0,3
239,127.24438,36.48522,89.5,2021,358,12,351,4,0,4
239,127.24438,36.48522,89.5,2022,357,8,351,15,0,4
239,127.24438,36.48522,89.5,2023,356,14,350,4,6,6
239,127.24438,36.48522,89.5,2024,359,29,352,20,0,4
239,127.24438,36.48522,89.5,2025,358,20,351,14,0,4
243,126.71657,35.72961,12.2,2021,358,9,351,4,0,4
243,126.71657,35.72961,12.2,2022,358,6,351,21,0,3
243,126.71657,35.72961,12.2,2023,358,11,351,10,0,3
243,126.71657,35.72961,12.2,2024,359,26,352,39,0,5
243,126.71657,35.72961,12.2,2025,358,18,351,18,0,4
244,127.28556,35.61203,247.04,2021,358,1,350,0,0,4
244,127.28556,35.61203,247.04,2022,358,0,351,3,0,2
244,127.28556,35.61203,247.04,2023,358,6,351,1,6,6
244,127.28556,35.61203,247.04,2024,359,11,352,9,0,4
244,127.28556,35.61203,247.04,2025,358,16,351,2,7,7
245,126.83904,35.56333,68.7,2021,358,9,351,1,0,3
245,126.83904,35.56333,68.7,2022,358,6,351,18,0,2
245,126.83904,35.56333,68.7,2023,358,15,351,7,0,5
245,126.83904,35.56333,68.7,2024,359,42,352,34,0,5
245,126.83904,35.56333,68.7,2025,358,40,351,19,6,6
247,127.39652,35.4213,133.49,2021,356,7,349,0,0,4
247,127.39652,35.4213,133.49,2022,358,6,351,13,0,4
247,127.39652,35.4213,133.49,2023,358,18,349,7,0,5
247,127.39652,35.4213,133.49,2024,359,38,352,20,0,3
247,127.39652,35.4213,133.49,2025,358,37,351,13,0,5
248,127.52031,35.65696,406.87,2021,357,1,349,0,0,4
248,127.52031,35.65696,406.87,2022,358,0,351,3,0,4
248,127.52031,35.65696,406.87,2023,358,4,351,0,0,5
248,127.52031,35.65696,406.87,2024,359,1,352,6,0,3
248,127.52031,35.65696,406.87,2025,358,6,351,1,0,4
251,126.697,35.42661,58.84,2021,358,12,351,3,0,3
251,126.697,35.42661,58.84,2022,358,7,351,20,0,3
251,126.697,35.42661,58.84,2023,358,13,351,7,0,4
251,126.697,35.42661,58.84,2024,359,31,352,29,0,4
251,126.697,35.42661,58.84,2025,358,32,351,15,0,3
252,126.47784,35.28366,37.2,2021,356,12,349,2,0,2
252,126.47784,35.28366,37.2,2022,358,5,351,23,0,4
252,126.47784,35.28366,37.2,2023,355,11,348,11,0,5
252,126.47784,35.28366,37.2,2024,359,27,352,36,0,3
252,126.47784,35.28366,37.2,2025,351,26,343,22,0,3
253,128.89075,35.22981,54.59,2021,358,9,351,6,0,2
253,128.89075,35.22981,54.59,2022,358,11,351,22,0,2
253,128.89075,35.22981,54.59,2023,358,13,351,18,6,6
253,128.89075,35.22981,54.59,2024,359,40,352,42,0,3
253,128.89075,35.22981,54.59,2025,358,35,351,29,0,4
254,127.1286,35.37131,129.38,2021,358,17,350,1,0,3
254,127.1286,35.37131,129.38,2022,358,13,351,18,0,3
254,127.1286,35.37131,129.38,2023,358,16,351,3,0,4
254,127.1286,35.37131,129.38,2024,359,37,352,19,0,3
254,127.1286,35.37131,129.38,2025,358,34,351,6,0,5
255,128.6726,35.22655,50.95,2021,356,16,349,17,0,3
255,128.6726,35.22655,50.95,2022,358,18,351,28,0,2
255,128.6726,35.22655,50.95,2023,358,21,351,35,0,3
255,128.6726,35.22655,50.95,2024,359,49,352,60,0,3
255,128.6726,35.22655,50.95,2025,358,49,351,48,0,4
257,129.02009,35.30737,6.29,2021,358,17,351,10,0,3
257,129.02009,35.30737,6.29,2022,357,18,350,23,0,2
257,129.02009,35.30737,6.29,2023,357,23,350,29,0,5
257,129.02009,35.30737,6.29,2024,359,53,352,55,0,3
257,129.02009,35.30737,6.29,2025,356,44,350,31,0,4
258,127.21226,34.76335,1.41,2021,358,3,350,9,0,3
258,127.21226,34.76335,1.41,2022,358,2,351,22,0,2
258,127.21226,34.76335,1.41,2023,358,9,351,12,0,4
258,127.21226,34.76335,1.41,2024,359,31,352,34,0,3
258,127.21226,34.76335,1.41,2025,358,24,351,12,6,6
259,126.78408,34.64457,16.19,2021,358,5,351,6,0,3
259,126.78408,34.64457,16.19,2022,358,7,351,25,0,2
259,126.78408,34.64457,16.19,2023,358,13,351,14,0,3
259,126.78408,34.64457,16.19,2024,357,39,350,34,0,3
259,126.78408,34.64457,16.19,2025,351,37,347,18,0,4
260,126.91951,34.68886,43.99,2021,358,3,351,4,0,3
260,126.91951,34.68886,43.99,2022,358,3,351,18,0,2
260,126.91951,34.68886,43.99,2023,358,6,351,10,0,5
260,126.91951,34.68886,43.99,2024,359,28,352,23,0,3
260,126.91951,34.68886,43.99,2025,357,29,350,13,0,5
261,126.56907,34.55375,16.36,2021,358,4,351,5,0,3
261,126.56907,34.55375,16.36,2022,353,3,347,23,0,2
261,126.56907,34.55375,16.36,2023,352,9,346,11,6,6
261,126.56907,34.55375,16.36,2024,359,29,352,30,0,4
261,126.56907,34.55375,16.36,2025,358,22,351,21,0,3
262,127.27572,34.61826,51.91,2021,358,3,351,3,0,3
262,127.27572,34.61826,51.91,2022,358,0,351,13,0,1
262,127.27572,34.61826,51.91,2023,358,3,351,7,0,3
262,127.27572,34.61826,51.91,2024,359,37,352,27,0,3
262,127.27572,34.61826,51.91,2025,358,37,351,12,0,3
263,128.28812,35.32258,14.1,2021,358,22,351,1,0,4
263,128.28812,35.32258,14.1,2022,358,26,351,21,0,2
263,128.28812,35.32258,14.1,2023,352,24,346,11,0,4
263,128.28812,35.32258,14.1,2024,358,55,351,40,0,3
263,128.28812,35.32258,14.1,2025,354,34,348,3,0,2
264,127.74538,35.51138,152.07,2021,357,12,350,0,0,4
264,127.74538,35.51138,152.07,2022,358,14,351,3,0,4
264,127.74538,35.51138,152.07,2023,357,23,350,2,0,5
264,127.74538,35.51138,152.07,2024,357,47,351,12,0,3
264,127.74538,35.51138,152.07,2025,356,40,350,3,0,4
266,127.6914,34.9434,88.21,2021,358,7,350,14,0,3
266,127.6914,34.9434,88.21,2022,358,10,351,24,0,3
266,127.6914,34.9434,88.21,2023,358,11,350,15,0,3
266,127.6914,34.9434,88.21,2024,359,39,352,45,0,3
266,127.6914,34.9434,88.21,2025,358,34,351,29,0,4
268,126.25846,34.47296,9.82,2021,350,0,344,6,0,3
268,126.25846,34.47296,9.82,2022,351,0,345,20,0,3
268,126.25846,34.47296,9.82,2023,356,4,350,9,7,7
268,126.25846,34.47296,9.82,2024,359,10,352,30,0,3
268,126.25846,34.47296,9.82,2025,358,7,351,20,0,3
271,128.91449,36.94361,324.67,2021,358,0,351,0,0,2
271,128.91449,36.94361,324.67,2022,358,1,351,0,0,4
271,128.91449,36.94361,324.67,2023,358,0,351,0,0,4
271,128.91449,36.94361,324.67,2024,357,2,352,1,0,4
271,128.91449,36.94361,324.67,2025,358,17,351,0,0,5
272,128.51687,36.87183,211.32,2021,358,6,350,0,0,3
272,128.51687,36.87183,211.32,2022,358,7,351,0,0,4
272,128.51687,36.87183,211.32,2023,358,7,351,0,0,4
272,128.51687,36.87183,211.32,2024,359,13,352,2,0,4
272,128.51687,36.87183,211.32,2025,358,19,351,0,0,5
273,128.14879,36.62727,173.01,2021,358,6,351,0,0,3
273,128.14879,36.62727,173.01,2022,358,9,351,2,0,4
273,128.14879,36.62727,173.01,2023,358,8,351,0,0,3
273,128.14879,36.62727,173.01,2024,359,15,352,6,0,3
273,128.14879,36.62727,173.01,2025,358,26,351,1,0,5
276,129.04005,36.4351,208.65,2021,358,13,350,0,0,3
276,129.04005,36.4351,208.65,2022,358,15,351,1,0,4
276,129.04005,36.4351,208.65,2023,358,18,351,0,0,5
276,129.04005,36.4351,208.65,2024,359,42,352,2,0,4
276,129.04005,36.4351,208.65,2025,358,47,350,0,0,4
277,129.40926,36.53337,40.71,2021,358,3,351,0,0,3
277,129.40926,36.53337,40.71,2022,358,9,351,8,0,2
277,129.40926,36.53337,40.71,2023,356,2,347,1,0,3
277,129.40926,36.53337,40.71,2024,358,15,351,17,0,2
277,129.40926,36.53337,40.71,2025,358,30,351,17,0,3
278,128.68864,36.3561,81.44,2021,358,20,351,0,0,3
278,128.68864,36.3561,81.44,2022,358,21,351,3,0,3
278,128.68864,36.3561,81.44,2023,358,20,350,1,0,4
278,128.68864,36.3561,81.44,2024,359,51,352,8,0,4
278,128.68864,36.3561,81.44,2025,358,48,351,3,0,4
279,128.32055,36.13055,49.17,2021,358,14,351,0,0,3
279,128.32055,36.13055,49.17,2022,358,18,351,10,0,3
279,128.32055,36.13055,49.17,2023,358,18,351,7,0,4
279,128.32055,36.13055,49.17,2024,359,40,352,17,0,5
279,128.32055,36.13055,49.17,2025,357,47,351,12,0,4
281,128.9514,35.97742,96.12,2021,358,9,351,0,0,3
281,128.9514,35.97742,96.12,2022,358,9,351,10,0,3
281,128.9514,35.97742,96.12,2023,358,14,351,0,0,5
281,128.9514,35.97742,96.12,2024,359,37,352,18,0,3
281,128.9514,35.97742,96.12,2025,358,38,351,7,0,3
283,129.20123,35.81747,40.13,2021,358,14,351,1,0,3
283,129.20123,35.81747,40.13,2022,358,31,351,13,0,2
283,129.20123,35.81747,40.13,2023,357,25,350,7,0,5
283,129.20123,35.81747,40.13,2024,358,53,351,23,0,3
283,129.20123,35.81747,40.13,2025,358,47,351,13,0,4
284,127.9099,35.66739,228.45,2021,358,7,350,0,0,4
284,127.9099,35.66739,228.45,2022,358,9,351,3,0,3
284,127.9099,35.66739,228.45,2023,357,7,351,1,0,5
284,127.9099,35.66739,228.45,2024,359,21,352,1,0,3
284,127.9099,35.66739,228.45,2025,355,32,348,2,0,4
285,128.16994,35.56505,26.72,2021,358,13,351,0,0,2
285,128.16994,35.56505,26.72,2022,358,20,351,9,0,2
285,128.16994,35.56505,26.72,2023,358,14,351,5,0,3
285,128.16994,35.56505,26.72,2024,359,48,352,31,0,3
285,128.16994,35.56505,26.72,2025,358,41,351,8,0,3
288,128.74412,35.49147,8.31,2021,358,21,351,1,0,3
288,128.74412,35.49147,8.31,2022,358,26,351,21,0,3
288,128.74412,35.49147,8.31,2023,357,20,351,18,0,5
288,128.74412,35.49147,8.31,2024,359,53,352,34,0,3
288,128.74412,35.49147,8.31,2025,358,49,351,26,0,4
289,127.8791,35.413,138.22,2021,358,9,351,0,0,4
289,127.8791,35.413,138.22,2022,358,11,351,4,0,2
289,127.8791,35.413,138.22,2023,358,12,351,7,0,3
289,127.8791,35.413,138.22,2024,359,37,352,15,0,5
289,127.8791,35.413,138.22,2025,356,33,350,3,0,4
294,128.60459,34.88818,44.83,2021,358,2,351,12,0,2
294,128.60459,34.88818,44.83,2022,358,0,351,17,0,2
294,128.60459,34.88818,44.83,2023,358,5,351,12,0,4
294,128.60459,34.88818,44.83,2024,359,8,352,39,0,4
294,128.60459,34.88818,44.83,2025,358,4,351,22,0,4
295,127.92641,34.81662,45.71,2021,358,4,351,8,0,3
295,127.92641,34.81662,45.71,2022,358,1,351,21,0,3
295,127.92641,34.81662,45.71,2023,358,8,351,12,0,3
295,127.92641,34.81662,45.71,2024,359,19,351,45,0,3
295,127.92641,34.81662,45.71,2025,358,12,351,14,0,4
296,128.96024,35.21778,3,2023,349,12,342,20,0,2
296,128.96024,35.21778,3,2024,359,38,352,40,0,2
296,128.96024,35.21778,3,2025,358,38,351,26,0,2
