RSTR_FCLTY_NO,RSTR_NM,RN_DTL_ADRES,ARCD,LO,LA,x_5179,y_5179,USE_PSBL_NMPR,FCLTY_TY
4111165,태산2차(아)경로당,"경기도 수원시 권선구  매송고색로691번길  9 , 태산2차아파트경로당 (고색동, 고색2차태산아파트)",4111355000,126.9799138,37.2514476,953877.4298714251,1917078.5567981908,14.0,3
4111164,태산1차(아)경로당,"경기도 수원시 권선구  매송고색로673번길  11 , 태산1차아파트경로당 (고색동, 고색1차태산아파트)",4111355000,126.9774569,37.2504993,953658.9633001708,1916974.5532000645,11.0,3
4111431,광교호반베르디움경로당,경기도 수원시 영통구  웰빙타운로  70   (이의동),4111760000,127.0439356,37.3070732,959584.8339827608,1923220.3526161942,66.0,3
4111322,고등촌경로당,경기도 수원시 팔달구 고등로72번길 20-8 (고등동),4111567000,127.0045817,37.2724478,956077.2542542596,1919396.5686097653,40.0,3
4111434,이편한세상광교경로당,"경기도 수원시 영통구  센트럴타운로  76   (이의동, 광교e편한세상)",4111760000,127.0545053,37.2918548,960513.541618859,1921527.5603149289,31.0,3
4111700142,영통아이파크캐슬2단지경로당,"경기도 수원시 영통구 덕영대로 1400 (망포동, 영통아이파크캐슬2단지)",4111759600,127.0428193,37.2432776,959451.7066929461,1916143.3871668829,38.0,3
4111700143,주공그린빌5단지경로당,"경기도 수원시 영통구 동탄원천로881번길 35 (매탄동, 주공그린빌)",4111753000,127.0410383,37.2548155,959299.9515106813,1917424.1532238522,20.0,3
4111432,호수마을32단지경로당,"경기도 수원시 영통구  광교중앙로  247 , 경로당 (하동)",4111761000,127.0656723,37.2941963,961504.5278194204,1921782.720939842,66.0,3
4111700121,광교해모로(아)경로당,"경기도 수원시 영통구 광교로 286 (이의동, 광교 해모로 아파트)",4111760000,127.0531404,37.3071964,960400.6069924687,1923230.1247882193,31.0,3
4111100104,대추골도서관,경기도 수원시 장안구 수일로 164 (조원동),4111159800,127.0082,37.3066,956417.7507280278,1923183.7324611372,350.0,1
4111300107,호매실도서관,경기도 수원시 권선구 칠보로 169 (호매실동),4111366400,126.9581,37.2667,951952.6004802112,1918781.5022170935,600.0,1
4111700145,광교대광로제비앙경로당,"경기도 수원시 영통구 웰빙타운로 106 (이의동, 광교대광로제비앙)",4111760000,127.0405555,37.3073564,959285.4498524873,1923253.2212708155,26.0,1
4111700117,영통아이파크캐슬1단지경로당,경기도 수원시 영통구 덕영대로 1410,4111759600,127.0444082,37.2424317,959592.1786880585,1916048.8647112574,21.0,3
4111471,늘푸른벽산(아)경로당,"경기도 수원시 영통구  영통로90번길  4-27  (망포동, 늘푸른 벽산아파트)",4111759300,127.0611963,37.2402128,961080.0333891422,1915795.6694463317,38.0,3
4111472,망포1차아이파크(아)경로당,"경기도 수원시 영통구  영통로200번길  20   (망포동, 망포마을 현대1차 아이파크)",4111759300,127.0570969,37.2440353,960718.4164825319,1916221.4256482478,11.0,1
4111473,우문경로당,경기도 수원시 영통구  영통로90번길  55   (망포동),4111759300,127.0586007,37.2394279,960849.4078516489,1915709.6638711996,29.0,1
4111474,망포쌍용(아)경로당,"경기도 수원시 영통구  영통로173번길  37   (망포동, 망포마을 쌍용아파트)",4111759600,127.0521935,37.2430216,960282.9939877207,1916111.0129284845,19.0,3
4111475,망포현대2차아이파크(아)경로당,"경기도 수원시 영통구 태장로 45 (망포동, 망포마을현대2차아이파크)",4111759600,127.0509517,37.2403437,960171.4461374431,1915814.451863417,37.0,3
4111467,영통래미안마크원2단지(아)경로당,"경기도 수원시 영통구 삼성로 11 (신동, 래미안 영통마크원 2단지)",4111758000,127.0461345,37.2466255,959747.5209221606,1916513.3843345458,54.0,3
4111468,영통e-편한세상아파트경로당,경기도 수원시 영통구 영통로200번길 239,4111758500,127.068176,37.245884,961701.9751794976,1916421.978367696,30.0,3
4111465,"신원,미주(아)경로당","경기도 수원시 영통구 매영로310번길 27 (영통동, 신원미주아파트)",4111758500,127.0671791,37.2521255,961616.7267798345,1917114.806519165,39.0,3
4111466,영통3차풍림아이원경로당,"경기도 수원시 영통구 봉영로1482번길 18 (영통동, 영통3차 풍림아이원아파트)",4111758500,127.0662725,37.2445929,961532.4986175151,1916279.517188596,18.0,3
4111500097,화서맨션경로당,"경기도 수원시 팔달구 화양로 42 (화서동, 화서맨션)",4111568000,126.9968006,37.2819773,955393.0172471992,1920457.40845836,33.0,3
4111500098,동말경로당,경기도 수원시 팔달구 동말로 24-6 (화서동),4111568000,126.9969293,37.2774997,955401.784284962,1919960.6043965786,24.0,3
4111500099,꽃뫼노을마을풍림(아)경로당,"경기도 수원시 팔달구 수성로157번길 75 (화서동, 꽃뫼노을마을 풍림아파트)",4111569000,126.9878662,37.2890943,954605.2816605935,1921251.2179352655,31.0,3
4111043,경남아너스빌(아)경로당,"경기도 수원시 장안구 만석로159번길 31 (정자동, 경남아너스빌)",4111157100,126.99681,37.3021336,955405.7493655013,1922693.541518803,18.0,3
4111044,벽산블루밍(아)경로당,"경기도 수원시 장안구 파장로 53 (정자동, 정자 벽산블루밍)",4111157100,126.9946133,37.3045787,955212.5197730467,1922965.839579725,17.0,3
4111045,동남(아)경로당,경기도 수원시 장안구 정자로 158,4111157100,126.9931683,37.304834,955084.6145078272,1922994.8481571502,15.0,3
4111046,SK스카이뷰(아)경로당,"경기도 수원시 장안구 이목로 24 (정자동, 수원 SK SKY VIEW)",4111157100,126.9838496,37.3079836,954260.6939326484,1923348.7335986148,93.0,3
4111047,SK청솔노인복지관,경기도 수원시 장안구 장안로 174,4111157100,126.9974825,37.2990115,955463.5078385769,1922346.8586356526,45.0,3
4111048,현대경로당,경기도 수원시 장안구 정자천로188번길 71-21,4111157200,126.9987253,37.2941129,955570.7728428014,1921802.8234826482,15.0,3
4111050,"영남,우방,한솔(아)경로당","경기도 수원시 장안구 수성로245번길 21 (정자동, 화서역 우방 센트럴파크)",4111157200,126.9969213,37.2910489,955409.0703338708,1921463.7528113008,27.0,3
4111266,삼천리1차(아)경로당,"경기도 수원시 권선구  권광로27번길  62   (권선동, 삼천리권선1차아파트)",4111368000,127.024008,37.2520044,957788.1519822554,1917119.751913621,21.0,3
4111267,아이파크시티1단지(아)경로당,"경기도 수원시 권선구  동수원로145번길  74   (권선동, 수원아이파크시티 1단지)",4111368000,127.0268434,37.2456604,958036.0840420728,1916414.6945261087,21.0,3
4111500104,꽃뫼양지경로당,경기도 수원시 팔달구 화산로6번길 40-4 (화서동),4111569000,126.9871286,37.2862284,954538.1773113655,1920933.6297541636,28.0,3
4111500106,신동아(아)경로당,"경기도 수원시 팔달구 화산로 24 (화서동, 꽃뫼버들마을 신동아아파트)",4111569000,126.9866163,37.286892,954493.1654398672,1921007.4958025974,22.0,3
4111500107,못골경로당,경기도 수원시 팔달구 팔달문로115번길 43 (지동),4111570000,127.0276728,37.283501,958130.598251692,1920612.3342192417,50.0,3
4111700115,광교공공실버주택경로당,경기도 수원시 영통구 월드컵로150번길 55,4111755000,127.04973,37.2796274,960083.8221315006,1920173.0629396273,40.0,3
4111456,"벽적골삼성,태영경로당","경기도 수원시 영통구 봉영로1517번길 73 (영통동, 삼성.태영 아파트)",4111758000,127.0638156,37.2492645,961316.9818710729,1916798.7798339706,22.0,1
4111700129,광교호반마을22단지(아)경로당,경기도 수원시 영통구 광교호수로152번길 24,4111761000,127.0697497,37.2796897,961858.5976987669,1920171.7142208468,21.0,3
4111256,풍림신안(아)경로당,"경기도 수원시 권선구  권중로  31   (권선동, 풍림아파트)",4111367000,127.0337633,37.253987,958654.3586267427,1917335.3935132772,9.0,3
4111257,권선현대(아)경로당,"경기도 수원시 권선구  매탄로  11 , 201동 (권선동, 현대아파트)",4111367000,127.0363947,37.2530927,958887.2252987945,1917235.0345123643,24.0,3
4111106,보훈복지타운제3경로당,경기도 수원시 장안구 수일로336번길 9,4111159700,127.0215968,37.2991918,957600.7947125613,1922355.7747467717,25.0,3
4111270,아이파크시티2단지(아)경로당,경기도 수원시 권선구  동수원로145번길  24   (권선동),4111368000,127.0294679,37.2450013,958268.4870234658,1916340.4145303434,23.0,3
4111271,신명(아)경로당,"경기도 수원시 권선구  경수대로302번길  7   (권선동, 신명아파트)",4111368000,127.0215269,37.2540193,957569.2520861956,1917344.3923808793,13.0,3
4111272,한효(아)경로당,"경기도 수원시 권선구  세권로196번길  22   (권선동, 한효아파트)",4111368000,127.0247469,37.2546515,957855.1539764026,1917413.0893523681,16.0,3
4111095,로얄팰리스경로당,경기도 수원시 장안구 송정로 83,4111159100,127.0071918,37.2960407,956322.2994996638,1922012.7489504172,41.0,3
4111273,권선자이e편한세상경로당,"경기도 수원시 권선구  권광로  55   (권선동, 권선자이 이편한세상)",4111368000,127.0265255,37.2526894,958011.7900424966,1917194.62535974,37.0,3
4111274,유원보성(아)경로당,"경기도 수원시 권선구  권중로  110   (권선동, 보성,유원아파트)",4111368000,127.0280831,37.2487569,958147.7453709824,1916757.6680154544,35.0,3
4111500086,중동경로당,경기도 수원시 팔달구 정조로742번길 20 (구천동),4111574000,127.0178238,37.2741339,957252.2319542859,1919577.5578508384,23.0,3
4111500103,화서위브하늘채(아)경로당,"경기도 수원시 팔달구 수성로244번길 25 (화서동, 화서위브하늘채)",4111569000,127.0005584,37.2884456,955729.9255914323,1921173.2343616204,65.0,3
4111233,거산(아)경로당,경기도 수원시 권선구 서수원로591번길 43,4111366200,126.9529366,37.277826,951501.922894801,1920018.4520333265,16.0,3
4111139,신곡경로당,경기도 수원시 권선구 경수대로191번길 14-4,4111353000,127.0166986,37.2445605,957135.7204186704,1916297.2181276584,33.0,3
4111140,미영(아)경로당,"경기도 수원시 권선구  정조로  432   (세류동, 미영아파트)",4111353000,127.0145352,37.2474694,956945.5009395174,1916620.9101755864,22.0,3
4111135,센트럴타운2단지(아)경로당,경기도 수원시 권선구 세류로 39,4111352000,127.006512,37.262855,956242.8411610625,1918331.4548855266,250.0,3
4111137,삼거리경로당,경기도 수원시 권선구  세지로5번길  56-10  (세류동),4111353000,127.0126879,37.2542995,956785.5691186469,1917379.4767233278,12.0,3
4111138,새터경로당,경기도 수원시 권선구  새터로29번길  19-1  (세류동),4111353000,127.0073087,37.2528043,956307.6795181168,1917216.0702190597,10.0,3
4111197,탑동삼성(아)경로당,"경기도 수원시 권선구  탑동로58번길  8   (탑동, 삼성아파트)",4111356000,126.9749105,37.2746323,953447.9938547525,1919653.1042417914,15.0,3
4111198,탑동우방(아)경로당,"경기도 수원시 권선구  효탑로  50   (탑동, 수원탑동우방파크타운)",4111356000,126.9735462,37.2682454,953323.0975954974,1918945.2163127097,56.0,3
4111200,참누리파크경로당,경기도 수원시 권선구 서둔로 270-6 (서수원 울트라참누리파크 202동),4111356000,126.979333,37.275023,953840.3137216569,1919694.2812636362,19.0,3
4111201,희성연인(아)경로당,경기도 수원시 권선구 상탑로 121,4111356000,126.9841635,37.2714854,954266.4244892176,1919299.4752931516,12.0,3
4111203,하구운경로당,경기도 수원시 권선구 구운로45번길 59-46,4111365000,126.972866,37.2763442,953267.794838296,1919844.0299181943,22.0,3
4111375,팔달노인복지관,경기도 수원시 팔달구 수원천로 343 (북수동),4111574000,127.0175529,37.2840346,957233.8169515157,1920676.0594469635,36.0,3
4111500108,진우(아)경로당,경기도 수원시 팔달구 팔달문로 82 (지동),4111570000,127.0258811,37.2801931,957969.9327068467,1920246.151896801,40.0,3
4111500110,우만현대(아)경로당,"경기도 수원시 팔달구 권광로364번길 7-2 (우만동, 현대아파트)",4111572000,127.0379484,37.2811044,959040.1844320317,1920341.9572850405,33.0,3
4111097,만석공원경로당,경기도 수원시 장안구 정조로 1084,4111159100,127.00335,37.30222,955985.3986194149,1922700.0619385326,39.0,3
4111098,안심마을경로당,경기도 수원시 장안구 정조로1041번길 12-3,4111159100,127.0057255,37.2985852,956193.8157937056,1922295.7139556715,26.0,3
4111099,수원아너스빌위즈(아)경로당,경기도 수원시 장안구 송원로 20,4111159100,127.0065541,37.2972722,956266.4926179668,1922149.6662265207,30.0,3
4111100,조원경로당,경기도 수원시 장안구 조원로111번길 33-23,4111159700,127.0141377,37.3001493,956940.2623740238,1922465.3707794158,23.0,3
4111300100,성지(아)경로당,"경기도 수원시 권선구 경수대로302번길 32 (권선동, 성지아파트)",4111368000,127.0223471,37.2520845,957640.9042331926,1917129.3801419137,20.0,3
4111700140,광교더샵(아)경로당,"경기도 수원시 영통구 광교호수로 15 (원천동, 광교더샵)",4111755000,127.0623565,37.2715684,961199.0239394194,1919273.7496729356,23.0,1
4111300101,대우(아)경로당,"경기도 수원시 권선구 동탄원천로813번길 16 (권선동, 권선대우아파트)",4111369000,127.0387799,37.249051,959096.5625488893,1916785.619232577,24.0,3
4111700144,수원광교박물관,경기도 수원시 영통구 광교로 182 (이의동),4111760000,127.0513675,37.2963429,960237.7832277344,1922026.7835396135,30.0,1
4111299,한라2단지(아)경로당,"경기도 수원시 권선구  당진로31번길  16   (당수동, 한라비발디아파트 2단지)",4111370000,126.9396309,37.2926119,950332.0594771409,1921665.7049805014,11.0,3
4111101,송원경로당,경기도 수원시 장안구 송정로138번길 7-9,4111159700,127.0126449,37.2966461,956805.9582842214,1922077.4069484416,36.0,3
4111102,금당골경로당,경기도 수원시 장안구 조원로58번길 39,4111159700,127.0200016,37.3000987,957459.9276021575,1922457.1027021497,19.0,3
4111103,조원동벽산(아)경로당,경기도 수원시 장안구 조원로 16,4111159700,127.0213948,37.2976111,957582.004378191,1922180.5026691263,11.0,3
4111104,보훈복지타운제1경로당,경기도 수원시 장안구 수일로336번길 9,4111159700,127.0229687,37.29955,957722.582670394,1922394.899086332,30.0,3
4111163,오목천경로당,경기도 수원시 권선구 삼천병마로1566번길 44 (오목천동),4111355000,126.965526,37.2423381,952595.7672361754,1916075.064292159,37.0,3
4111355,장다리경로당,경기도 수원시 팔달구 세지로198번길 26-14 (인계동),4111573000,127.0238829,37.2678778,957785.9175652703,1918880.7893758279,22.0,3
4111357,인계선경1차(아)경로당,"경기도 수원시 팔달구  권광로317번길  12   (인계동, 선경아파트)",4111573000,127.037,37.2763,958953.5016260591,1919809.3708843004,9.0,3
4111358,인계선경3차(아)경로당,"경기도 수원시 팔달구  권광로317번길  15   (인계동, 선경아파트)",4111573000,127.0363,37.2755,958891.0088858085,1919720.923323136,33.0,3
4111353,인계본동경로당,경기도 수원시 팔달구 장다리로233번길 28-27 (인계동),4111573000,127.0246097,37.2717199,957852.5000883326,1919306.7053945817,16.0,3
4111391,매탄주공그린빌3단지(아)경로당,"경기도 수원시 영통구 동탄원천로915번길 36 (매탄동, 주공그린빌)",4111753000,127.0447826,37.2575695,959633.4619608253,1917728.0756417185,20.0,3
4111393,매탄주공그린빌2단지(아)경로당,"경기도 수원시 영통구 매탄로126번길 66 (매탄동, 주공그린빌)",4111753000,127.0472154,37.2606521,959850.828639015,1918069.0214485636,20.0,3
4111394,매탄주공그린빌4단지(아)경로당,"경기도 수원시 영통구 동탄원천로915번길 33 (매탄동, 주공그린빌)",4111753000,127.0432055,37.2552852,959492.3882148763,1917475.3315058455,18.0,3
4111166,대한(아)경로당,"경기도 수원시 권선구  서부로  1534 , 대한아파트경로당 (고색동, 대한아파트)",4111355000,126.9786212,37.2464664,953759.7541445,1916526.5773018491,12.0,3
4111297,대림(아)경로당,"경기도 수원시 권선구  덕영대로1323번길  26-31  (권선동, 대림아파트)",4111369000,127.0379066,37.2475574,959018.3043537393,1916620.2986461252,18.0,3
4111298,한라1단지(아)경로당,"경기도 수원시 권선구 당진로15번길 19-10 (당수동, 한라비발디아파트 1단지)",4111370000,126.9387496,37.2903832,950252.477904442,1921418.9159318116,11.0,3
4111067,청솔마을SK한화(아)경로당,경기도 수원시 장안구 만석로20번길 25,4111157300,126.9856337,37.2947611,954410.814586797,1921880.9662888937,20.0,3
4111068,북수원리버파크경로당,경기도 수원시 장안구 천천로74번길 35,4111157300,126.9858041,37.3004189,954429.330999021,1922508.5606685355,16.0,3
4111100109,송죽동행정복지센터,경기도 수원시 장안구 송원로41번길 16-21 (송죽동주민센터),4111159100,127.006774,37.300228,956287.6928179293,1922477.480870024,,1
4111300130,고색향토문화전시관,경기도 수원시 권선구 오목천로 276 (고색동향토문화전시관),4111355000,126.9904,37.248087,954805.3723380679,1916700.6764924433,,1
4111500118,고등동행정복지센터,경기도 수원시 팔달구 고등로 37 (고등동주민센터),4111567000,127.00109,37.273407,955768.2465469548,1919504.608586406,20.0,1
4111395,하늘채(아)경로당,"경기도 수원시 영통구 효원로 363 (매탄동, 매탄 위브 하늘채)",4111753000,127.0414889,37.2618091,959343.6692748598,1918199.8229205697,29.0,3
4111396,위브(아)경로당,"경기도 수원시 영통구 효원로 363 (매탄동, 매탄 위브 하늘채)",4111753000,127.0414567,37.2615359,959340.6672098583,1918169.5281884433,47.0,3
4111397,효원경로당,경기도 수원시 영통구 매탄로65번길 17 (매탄동),4111753000,127.0404214,37.2570528,959246.4506693359,1917672.6225453054,34.0,1
4111500079,인계꿈에그린(아)경로당,"경기도 수원시 팔달구 효원로308번길 16 (인계동, 한화 꿈에그린 파크)",4111573000,127.0345259,37.2602892,958725.4247406714,1918034.2208064478,39.0,3
4111500080,인계레미안노블클래스(아)경로당,"경기도 수원시 팔달구 권광로 246 (인계동, 래미안 노블클래스)",4111573000,127.036103,37.2694083,958870.2301169157,1919045.1997639125,33.0,3
4111401,새터경로당,경기도 수원시 영통구 동수원로286번길 33-3 (매탄동),4111753000,127.0380208,37.2548987,959032.4075435747,1917434.6852298046,28.0,1
4111402,임광(아)경로당,경기도 수원시 영통구 권선로803번길 5 (매탄동),4111753000,127.0386082,37.2573389,959085.8173167624,1917705.1445417895,35.0,3
4111700139,수원박물관,경기도 수원시 영통구 창룡대로 265 (이의동),4111760000,127.0359,37.2977,958867.6325871951,1922183.956477247,50.0,1
4111300136,구운동행정복지센터,경기도 수원시 권선구 구운로47번길 57-33 (구운동주민센터),4111365000,126.97149,37.27713,953146.2939239736,1919931.8869931758,19.0,1
4111387,원천성일1차경로당,"경기도 수원시 영통구 동탄원천로1109번길 42 (매탄동, 원천성일아파트)",4111752000,127.0565414,37.270689,960683.003733544,1919178.590452473,36.0,3
4111019,밤밭경로당,경기도 수원시 장안구 율전로85번길 17-4,4111156600,126.9673579,37.2975466,952792.7269137048,1922198.9578249976,15.0,3
4111388,한국1차(아)경로당,"경기도 수원시 영통구 동탄원천로1109번길 37 (매탄동, 한국아파트)",4111752000,127.0565522,37.2690924,960683.1310816283,1919001.4604233108,31.0,3
4111180,가림리경로당,경기도 수원시 권선구 매송고색로503번길 89,4111355000,126.9564895,37.2465685,951796.9787835177,1916548.9444887412,28.0,3
4111080,연꽃마을풍림(아)경로당,경기도 수원시 장안구 정자천로189번길 47,4111157300,126.9935915,37.2981856,955118.1680149493,1922257.0732072731,28.0,3
4111376,가마니골경로당,경기도 수원시 영통구 권광로304번길 32 (매탄동),4111751000,127.0387155,37.2741318,959104.4144308289,1919568.0891329222,25.0,1
4111379,우성(아)경로당,"경기도 수원시 영통구  권광로290번길  34-18  (매탄동, 우성아파트)",4111751000,127.0378,37.2735,959022.9070538245,1919498.3937974472,8.0,3
4111380,주막거리경로당,경기도 수원시 영통구 매여울로68번길 23 (매탄동),4111751000,127.0450455,37.2730262,959665.0195318284,1919442.7170122159,33.0,1
4111381,현대힐스테이트(아)경로당,"경기도 수원시 영통구  권광로260번길  36   (매탄동, 현대힐스테이트아파트)",4111751000,127.0402828,37.2712941,959241.8358470235,1919252.6002273764,62.0,3
4111382,극동(아)경로당,"경기도 수원시 영통구 매봉로27번길 11 (매탄동, 극동아파트)",4111752000,127.0518315,37.2699376,960265.02730889,1919097.198385151,14.0,3
4111383,금성(아)경로당,"경기도 수원시 영통구 동탄원천로 1089 (매탄동, 금성아파트)",4111752000,127.0557153,37.2681916,960608.4603829045,1918901.8745043373,15.0,3
4111384,동남연립경로당,"경기도 수원시 영통구 매영로 9 (매탄동, 동남빌라)",4111752000,127.0452,37.2707,959677.4765658866,1919184.5841707205,25.0,3
4111385,매탄2동경로당,경기도 수원시 영통구 매여울로10번길 14-20 (매탄동),4111752000,127.0473817,37.2716772,959871.4255986047,1919292.066424568,18.0,1
4111300,서수원자이(아)경로당,"경기도 수원시 권선구  입북로  50   (입북동, 서수원 자이아파트)",4111370000,126.9596731,37.2960656,952110.6902900895,1922038.5200018685,30.0,3
4111469,희망경로당,경기도 수원시 영통구 신원로250번길 68-3,4111758500,127.063764,37.257185,961316.455580751,1917677.4922334205,29.0,1
4111470,건영2차(아)경로당,"경기도 수원시 영통구 매영로 346 (영통동, 신나무실 건영아파트)",4111758500,127.0694053,37.2511092,961813.6379719245,1917001.1589422715,28.0,1
4111386,산남경로당,경기도 수원시 영통구 매봉로35번길 43 (매탄동),4111752000,127.0504206,37.2716922,960140.8600866543,1919292.4458750954,20.0,1
4111275,신동아대원(아)경로당,"경기도 수원시 권선구  권중로  136   (권선동, 신동아아파트)",4111368000,127.0321541,37.2486858,958508.7478222158,1916747.988058663,23.0,3
4111258,삼천리2차(아)경로당,"경기도 수원시 권선구  매탄로  25   (권선동, 삼천리권선2차아파트)",4111367000,127.0379595,37.2542085,959026.597724969,1917358.1416683698,16.0,3
4111105,보훈복지타운제2경로당,경기도 수원시 장안구 수일로336번길 9,4111159700,127.0222621,37.2993827,957659.8653064461,1922376.6550343167,30.0,3
4111259,중앙경로당,경기도 수원시 권선구  세지로112번길  25-18  (권선동),4111367000,127.0211313,37.2620649,957538.6866757869,1918237.141722722,27.0,3
4111269,아이파크시티4단지(아)경로당,경기도 수원시 권선구  동수원로145번길  23   (권선동),4111368000,127.0278959,37.2418066,958127.2980041698,1915986.6923780488,23.0,3
4111032,천천삼성래미안(아)경로당,경기도 수원시 장안구 화산로187번길 19,4111156600,126.9758626,37.2978626,953546.6857839581,1922229.8025864852,30.0,3
4111033,천천푸르지오(아)경로당,"경기도 수원시 장안구  화산로  85 , 208동 (천천동, 천천 푸르지오)",4111156600,126.9805529,37.2911548,953958.2933624639,1921483.3451861194,25.0,3
4111107,보훈복지타운제4경로당,경기도 수원시 장안구 수일로336번길 9,4111159700,127.022,37.2989971,957636.419942847,1922333.994013725,25.0,3
4111435,광교센트럴타운60단지경로당,"경기도 수원시 영통구  센트럴타운로22번길  36   (이의동, 광교센트럴타운60단지)",4111760000,127.0590369,37.2892846,960913.8729148625,1921240.5407977984,48.0,3
4111436,광교마을40단지경로당,"경기도 수원시 영통구  광교마을로  156   (하동, 광교마을40단지)",4111761000,127.0840677,37.2950316,963135.3702900653,1921868.0585345002,90.0,3
4111437,광교호반마을21단지경로당,"경기도 수원시 영통구  광교호수로152번길  80   (하동, 광교호반마을21단지)",4111761000,127.0679688,37.2769671,961699.3418073583,1919870.3904133635,30.0,3
4111438,광교더리브(아)경로당,"경기도 수원시 영통구  센트럴파크로  34   (하동, 광교센트럴타운62단지)",4111761000,127.063424,37.2894941,961302.8464063595,1921261.9784509228,70.0,3
4111100103,북수원도서관,경기도 수원시 장안구 만석로 65 (정자동),4111157300,126.9884,37.2977,954657.762435244,1922205.6777072914,800.0,1
4111700138,태장마루도서관,경기도 수원시 영통구 태장로 46 (망포동),4111759600,127.051,37.2388,960174.9179940502,1915643.1755275696,300.0,1
4111100107,장안구청,경기도 수원시 장안구 송원로 101 (장안구청),4111159800,127.010086,37.303757,956583.2505357087,1922867.4620197276,,1
4111500130,우만2동행정복지센터,경기도 수원시 팔달구 중부대로207번길 33 (우만2동주민센터),4111572000,127.039727,37.277946,959196.1491931868,1919990.7973861813,,1
4111100116,조원2동행정복지센터,경기도 수원시 장안구 송원로 109-50 (조원2동행정복지센터),4111159800,127.009567,37.305627,956538.3320890423,1923075.1584050693,,1
4111100112,정자1동행정복지센터,경기도 수원시 장안구 정자로130번길 20 (정자1동주민센터),4111157100,126.991121,37.3022,954901.6087444094,1922703.6065519277,20.0,1
4111700147,더샵광교레이크시티경로당,"경기도 수원시 영통구 광교호수공원로 20  (원천동, 더샵 광교레이크시티)",4111755000,127.0605272,37.2721745,961037.1517658492,1919341.7417427553,24.0,1
4111500129,팔달구청무더위쉼터,경기도 수원시 팔달구 창룡대로 21 (수원화성박물관),4111574000,127.019474,37.28259,957403.2983708367,1920514.9291553386,,1
4111500117,팔달문전시실,경기도 수원시 팔달구 정조로 782,4111574000,127.017243,37.277819,957202.826576903,1919986.6435611416,10.0,1
4111700158,원천동행정복지센터,경기도 수원시 영통구 중부대로 339 (원천동주민센터),4111755000,127.053307,37.273613,960397.772185256,1919504.325874024,50.0,1
4111300124,입북동행정복지센터,경기도 수원시 권선구 입북로 17 (입북동주민센터),4111370000,126.959522,37.293206,952095.484837688,1921721.3522191152,34.0,1
4111700156,영통2동문화센터,경기도 수원시 영통구 영통로217번길 18,4111758000,127.055971,37.246927,960620.0633005392,1916542.6950215418,14.0,1
4111700157,망포2동행정복지센터,경기도 수원시 영통구 태장로54번길 10 (망포2동행정복지센터),4111759600,127.051647,37.238797,960232.30387977,1915642.57076019,10.0,1
4111500125,인계동행정복지센터대강당,경기도 수원시 팔달구 인계로 123 (KBS수원방송센타),4111573000,127.032043,37.269307,958510.2069947501,1919035.734283142,,1
4111700163,광교1동행정복지센터,경기도 수원시 영통구 도청로89번길 20 (광교1동주민센터),4111760000,127.047478,37.290159,959889.7726220589,1921342.3863443413,,1
4111100115,영화동행정복지센터,경기도 수원시 장안구 수성로382번길 24 (영화동행정복지센터 및 공영주차장),4111158000,127.014018,37.292999,956925.5767565811,1921672.1718308113,,1
4111100117,율천동행정복지센터,경기도 수원시 장안구 서부로2106번길 27 (율천동행정복지센터),4111156600,126.971367,37.297532,953148.0411133528,1922195.3439790355,,1
4111500126,우만1동새마을문고,경기도 수원시 팔달구 세지로 406 (우만1동행정복지센터),4111571000,127.029415,37.285354,958286.0591614913,1920817.1354761722,,1
4111300119,칠보마을9단지(아)경로당,"경기도 수원시 권선구 금곡로140번길 73  (호매실동, 극동스타클래스)",4111366400,126.9461793,37.2709707,950898.4197724566,1919261.4123240302,23.0,3
4111300118,LH수원당수2단지(아),경기도 수원시 권선구 당수1로 15,4111366200,126.943895,37.280598,950702.1713036131,1920330.651350401,38.0,3
4111300135,금곡동행정복지센터,경기도 수원시 권선구 금곡로196번길 20 (금곡동주민센터),4111366200,126.952215,37.272697,951434.656460271,1919449.8121118234,10.0,1
4111700146,영통엘클래스2단지경로당,"경기도 수원시 영통구 망포로48번길 7  (망포동, 영통 롯데캐슬 엘클래스 2단지)",4111759600,127.039032,37.2401302,959114.1012358294,1915795.8473976674,25.0,1
4111300137,LH수원당수2단지아파트경로당,경기도 수원시 권선구 당수1로 15,4111366200,126.943836,37.280539,950696.9025165852,1920324.1366467811,48.0,3
4111300132,세류1동행정복지센터,경기도 수원시 권선구 세류로38번길 10 (세류1동주민센터),4111352000,127.008077,37.262211,956381.2378877611,1918259.2874539548,100.0,1
4111500114,화서1동경로당,경기도 수원시 팔달구 팔달로119번길 64  (화서동),4111568000,127.0000783,37.2794803,955682.1125402887,1920178.8513952065,20.0,3
4111100114,조원1동행정복지센터,경기도 수원시 장안구 금당로 56 (조원1동행정복지센터),4111159700,127.016529,37.30184,957153.152781463,1922651.8505614465,,1
4111700148,현대(아)경로당,"경기도 수원시 영통구 동수원로 448  (매탄동, 현대아파트)",4111754000,127.0439351,37.2680934,959563.9361161401,1918895.9497629905,24.0,3
4111100108,정자2동행정복지센터,경기도 수원시 장안구 송정로24번길 34 (정자2동주민센터),4111157200,127.000505,37.295011,955729.0394789365,1921901.623894761,20.0,1
4111500116,수원센트럴아이파크자이아파트제1경로당,"경기도 수원시 팔달구 인계로 21  (인계동, )",4111573000,127.0226195,37.2716516,957676.0121552385,1919300.0167185946,,3
4111500113,매교역푸르지오SKVIEW(아)제2경로당,"경기도 수원시 팔달구 인계로 20  (매교동, 매교역푸르지오SK VIEW)",4111565000,127.019484,37.2693058,957396.6989729301,1919041.1824406306,59.0,3
4111500115,꽃뫼경로당,경기도 수원시 팔달구 수성로157번길 35  (화서동),4111569000,126.9892716,37.2876389,954728.9829874102,1921089.0823992952,46.0,3
4111300126,서둔동행정복지센터,경기도 수원시 권선구 서호로 146 (서둔동주민센터),4111356000,126.985983,37.27244,954428.3161894289,1919404.5001947337,20.0,1
4111500124,인계동행정복지센터로비,경기도 수원시 팔달구 인계로 123 (KBS수원방송센타),4111573000,127.032043,37.269307,958510.2069947501,1919035.734283142,,1
4111300128,세류3동행정복지센터,경기도 수원시 권선구 정조로 557 (세류3동주민센터),4111354000,127.011999,37.259176,956727.2671996381,1917920.7862694936,10.0,1
4111500123,행궁동행정복지센터,경기도 수원시 팔달구 신풍로23번길 40 (행궁동주민센터),4111574000,127.012631,37.284004,956797.4982891836,1920674.9015544348,15.0,1
4111300125,곡선동행정복지센터,경기도 수원시 권선구 동수원로146번길 174 (곡선동주민센터),4111369000,127.033215,37.2431,958599.7794553943,1916127.841291178,,1
4111700154,영통구청,경기도 수원시 영통구 효원로 407 (영통구청),4111753000,127.046597,37.259206,959795.2251304733,1917908.8550137472,,1
4111300129,평동행정복지센터,경기도 수원시 권선구 평동로76번길 13 (평동주민센터),4111355000,126.994182,37.258208,955146.7874705646,1917821.6927871022,,1
4111500131,지동행정복지센터,경기도 수원시 팔달구 세지로 339,4111570000,127.024659,37.281516,957862.3318820448,1920393.4575535147,,1
4111300138,주)기와집,경기도 수원시 권선구 서수원로594번길 251,4111370000,126.958372,37.285573,951988.7054640071,1920875.1303192514,,4
4111500132,[생활밀착민간시설]투썸플레이스동수원사거리점,경기도 수원시 팔달구 중부대로 129 (중부빌딩),4111570000,127.030242,37.278389,958355.5296057549,1920044.077137651,,4
4111500121,화서1동행정복지센터,경기도 수원시 팔달구 동말로4번길 10 (화서1동행정복지센터),4111568000,126.994956,37.276562,955226.2907104978,1919857.5084928877,20.0,1
4111700161,매탄1동행정복지센터,경기도 수원시 영통구 인계로189번길 119 (매탄1동주민센터),4111751000,127.040517,37.270525,959262.1855737418,1919167.175947224,10.0,1
4111100113,정자3동행정복지센터,경기도 수원시 장안구 대평로 85 (정자3동주민센터),4111157300,126.992526,37.295821,955022.3265788318,1921995.2508162458,,1
4111700165,매탄2동행정복지센터,경기도 수원시 영통구 매영로39번길 21 (매탄2동주민센터),4111752000,127.047465,37.270255,959878.0562392815,1919134.2532713995,20.0,1
4111700160,광교2동행정복지센터,경기도 수원시 영통구 법조로149번길 155 (광교2동주민센터),4111761000,127.070093,37.292248,961895.3640542796,1921564.7868140377,15.0,1
4111500122,화서2동행정복지센터,경기도 수원시 팔달구 화산로6번길 6 (화서2동주민센터),4111569000,126.986336,37.285112,954467.2466859235,1920810.1578419488,30.0,1
4111100111,파장동행정복지센터,경기도 수원시 장안구 파장천로 60 (파장동주민자치센터),4111156000,126.997412,37.310259,955463.8933084551,1923594.690748921,,1
4111700166,매탄4동행정복지센터,경기도 수원시 영통구 산남로 26-4 (매탄4동주민센터),4111754000,127.048711,37.265102,959985.8010935116,1918562.0559101787,,1
4111300131,세류2동행정복지센터,경기도 수원시 권선구 덕영대로 1107 (세류2동주민센터),4111353000,127.013162,37.253253,956827.0150115408,1917263.1625982246,25.0,1
4111100110,연무동행정복지센터,경기도 수원시 장안구 경수대로 757 (연무동행정복지센터),4111160000,127.021638,37.290463,957599.5472420604,1921387.3847651323,,1
4111300127,권선2동행정복지센터,경기도 수원시 권선구 권중로 85 (권선2동주민센터),4111368000,127.029629,37.251199,958286.1916408908,1917027.9096345436,40.0,1
4111500127,우만1동행정복지센터민생회복소비쿠폰접수처,경기도 수원시 팔달구 세지로 406 (우만1동행정복지센터),4111571000,127.029415,37.285354,958286.0591614913,1920817.1354761722,,1
4111500128,매교동행정복지센터프로그램실,경기도 수원시 팔달구 정조로715번길 17 (매교동공영주차장),4111565000,127.016378,37.27101,957122.2808168345,1919231.6484592874,,1
4111300134,권선1동행정복지센터,경기도 수원시 권선구 경수대로352번길 29 (권선1동주민센터),4111367000,127.024612,37.257679,957844.8782067484,1917749.0175153923,20.0,1
4111700164,매탄3동행정복지센터,경기도 수원시 영통구 동탄원천로881번길 76 (매탄3동주민센터),4111753000,127.043048,37.256402,959479.0195469985,1917599.2956052064,20.0,1
4111700159,망포1동행정복지센터,경기도 수원시 영통구 영통로90번길 4-16 (경민메디칼빌딩),4111759300,127.060812,37.237822,961044.7171583652,1915530.5954529687,,1
4111100106,스마트버스정류장(수원KT위즈파크),경기도 수원시 장안구 경수대로 893 (수원종합운동장(주경기장)),4111159700,127.008903,37.300507,956476.5381190683,1922507.4509273614,10.0,1
4111700162,영통3동행정복지센터,경기도 수원시 영통구 매영로 386 (영통3동행정복지센터),4111758500,127.073822,37.24953,962204.5366434867,1916824.191716401,,1
4111300121,스마트버스정류장(홈플러스서수원점),경기도 수원시 권선구 금곡로 236 (홈플러스),4111366200,126.956119,37.274434,951781.8866787243,1919640.5174455354,10.0,1
4111700167,영통1동행정복지센터,경기도 수원시 영통구 봉영로1759번길 23 (영통1동주민센터),4111757000,127.080561,37.266377,962810.4690175602,1918690.5096821797,10.0,1
4111700155,영통2동행정복지센터,경기도 수원시 영통구 영통로217번길 12 (영통2동주민센터),4111758000,127.056285,37.246937,960647.9166071527,1916543.673829774,30.0,1
4111300123,호매실동행정복지센터,경기도 수원시 권선구 칠보로 161 (호매실동주민센터),4111366400,126.957047,37.266255,951858.952512708,1918732.6693363981,100.0,1
4111300133,권선구청,경기도 수원시 권선구 호매실로 12 (권선구청),4111356000,126.97216,37.257299,953193.4182302735,1917731.513487958,,1
4111700133,광교홍재도서관,경기도 수원시 영통구 대학로 88 (이의동),4111760000,127.0473,37.3032,959880.9218330585,1922789.2270956456,500.0,1
4111167,연합대원(아)경로당,"경기도 수원시 권선구  고산로6번길  45 , 연합대원아파트경로당 (고색동, 대원아파트)",4111355000,126.9847252,37.2483992,954302.2792227251,1916738.0361943946,19.0,3
4111168,온정마을경로당,경기도 수원시 권선구 오목천동 36-5,4111355000,126.9651209,37.251318,952565.4663949044,1917071.4900143284,21.0,3
4111036,정자1동경로당,경기도 수원시 장안구 정자로130번길 20,4111157100,126.9907147,37.3022481,954865.6297047244,1922709.1366623642,29.0,3
4111037,동신1단지경로당,"경기도 수원시 장안구 장안로 232 (정자동, 동신아파트)",4111157100,126.9950089,37.3030703,955246.6842939043,1922798.3101760105,54.0,3
4111038,동신2단지경로당,"경기도 수원시 장안구 장안로 211 (정자동, 동신아파트)",4111157100,126.992725,37.3003073,955042.6344333846,1922492.8663432517,42.0,3
4111039,동신3단지경로당,"경기도 수원시 장안구 장안로 199 (정자동, 동신아파트)",4111157100,126.9951645,37.3006423,955259.0356412783,1922528.8740396919,11.0,3
4111409,성일(아)경로당,"경기도 수원시 영통구  인계로  239   (매탄동, 성일아파트)",4111754000,127.044,37.2649,959567.9830328721,1918541.6487968778,17.0,3
4111410,매탄레이크파크(아)경로당,"경기도 수원시 영통구 매영로 132 (매탄동, 매탄 레이크파크아파트)",4111754000,127.0561552,37.2660784,960646.3636585956,1918667.254819756,21.0,3
4111411,한국2차(아)경로당,"경기도 수원시 영통구 매영로 84 (매탄동, 한국아파트)",4111754000,127.0513809,37.2673933,960223.7381874592,1918815.1250977577,34.0,3
4111053,기로경로당,경기도 수원시 장안구 수성로245번길 68,4111157200,126.9975463,37.2922793,955465.1935430467,1921599.958700026,46.0,3
4111054,정자2동경로당,경기도 수원시 장안구 송정로60번길 10-23,4111157200,127.0025689,37.2955319,955912.2711466191,1921958.4481883647,35.0,3
4111413,삼성2차(아)경로당,"경기도 수원시 영통구 매영로 10 (매탄동, 삼성2차아파트)",4111754000,127.044434,37.2695833,959608.9661735614,1919061.0250365078,29.0,3
4111329,화서4단지(아)경로당,"경기도 수원시 팔달구 덕영대로697번길 48  (화서동, 화서주공아파트)",4111569000,126.9924366,37.2847943,955007.8372697092,1920771.9927141734,20.0,3
4111330,화서5단지(아)경로당,"경기도 수원시 팔달구 덕영대로697번길 48 (화서동, 화서주공아파트)",4111569000,126.9925439,37.2842544,955017.0274123531,1920712.0453002397,28.0,3
4111170,우림필유(아)경로당,"경기도 수원시 권선구  고색로  8   (고색동, 우림필유)",4111355000,126.9776694,37.2482935,953676.4583696427,1916729.7395543703,18.0,3
4111016,상율전경로당,경기도 수원시 장안구 서부로2181번길 68-8,4111156600,126.9697715,37.303864,953010.5728489741,1922898.608912599,13.0,3
4111500089,힐스테이트푸르지오수원(아)제1경로당,"경기도 수원시 팔달구 효원로93번길 33 (매교동, 힐스테이트 푸르지오 수원)",4111565000,127.0122421,37.2685118,956754.1625309413,1918956.3821044804,20.0,3
4111057,꽃뫼노을마을한국(아)경로당,경기도 수원시 장안구 대평로51번길 56,4111157200,126.9907248,37.2922148,954860.5295133786,1921596.0374989284,17.0,3
4111058,꽃뫼노을마을한마루(아)경로당,"경기도 수원시 장안구  덕영대로639번길  63 , 261동 (정자동, 한마루아파트)",4111157100,126.9889576,37.2913395,954703.3683279632,1921499.776828714,38.0,3
4111060,정자동신미주(아)경로당,경기도 수원시 장안구 수성로275번길 133,4111157200,126.9979396,37.2952866,955501.8251686422,1921933.403127293,8.0,3
4111061,눈e부신(아)경로당,경기도 수원시 장안구 영화로71번길 3,4111157200,127.0065123,37.2925442,956260.0504782936,1921625.1617667305,6.0,3
4111062,금강에스쁘아(아)경로당,경기도 수원시 장안구 영화로71번길 24,4111157200,127.004976,37.2924771,956123.8416869077,1921618.429425782,6.0,3
4111063,백설마을주공2단지(아)경로당,경기도 수원시 장안구 대평로89번길 10,4111157300,126.9916979,37.2965708,954949.3783149868,1922078.8278423878,9.0,3
4111064,백설마을주공1단지(아)경로당,경기도 수원시 장안구 대평로89번길 32,4111157300,126.9906442,37.296116,954855.71682721,1922028.8748981366,9.0,3
4111065,대림진흥(아)경로당,경기도 수원시 장안구 천천로74번길 92,4111157300,126.9888719,37.3004751,954701.25076298,1922513.3212354712,16.0,3
4111066,비단마을베스트타운(아)경로당,경기도 수원시 장안구 정자로42번길 52,4111157300,126.980905,37.2980674,953993.7122684945,1922250.057664705,39.0,3
4111262,아이파크시티7단지(아)경로당,경기도 수원시 권선구 덕영대로1190번길 100,4111368000,127.0199112,37.2467061,957421.8567301024,1916533.7988512549,66.0,3
4111264,두산동아(아)경로당,"경기도 수원시 권선구  덕영대로1217번길  24   (권선동, 두산동아아파트)",4111368000,127.025561,37.2495479,957924.5097607999,1916846.5388349923,25.0,3
4111265,신현대(아)경로당,"경기도 수원시 권선구  권광로27번길  22   (권선동, 신현대아파트)",4111368000,127.0270536,37.2510494,958057.7136842918,1917012.451261926,8.0,3
4111268,아이파크시티3단지(아)경로당,경기도 수원시 권선구  동수원로145번길  73   (권선동),4111368000,127.0258947,37.2425321,957950.2059605212,1916068.065475544,22.0,3
4111169,고색샛터경로당,"경기도 수원시 권선구  서둔로39번길  16 , 고색샛터경로당 (고색동)",4111355000,126.983096,37.2555713,954162.1360143191,1917534.490971372,10.0,3
4111141,버드내경로당,경기도 수원시 권선구  수원천로  24   (세류동),4111353000,127.0096088,37.2573526,956514.2703194557,1917719.5953663462,19.0,3
4111142,세리경로당,경기도 수원시 권선구 경수대로235번길 68-4 (세류동),4111353000,127.0143154,37.2495015,956927.164078898,1916846.4492883652,22.0,3
4111143,문화경로당,경기도 수원시 권선구  세지로12번길  45   (세류동),4111353000,127.0173046,37.2526554,957194.0466560464,1917194.983836514,19.0,3
4111260,SK뷰경로당,"경기도 수원시 권선구  권선로694번길  26   (권선동, 권선 SK VIEW)",4111367000,127.0259024,37.2578248,957959.3864077663,1917764.6184298475,14.0,3
4111261,제일경로당,경기도 수원시 권선구  장다리로  97   (권선동),4111367000,127.0212981,37.2590354,957551.7768113407,1917900.9766362626,25.0,3
4111144,현대경로당,경기도 수원시 권선구  정조로485번길  18-5  (세류동),4111353000,127.0100049,37.2524545,956546.5817082046,1917176.02249638,26.0,3
4111134,센트럴어반시티(아)경로당,경기도 수원시 권선구 세권로 1,4111352000,127.00645,37.260719,956236.1077192182,1918094.5172733613,300.0,3
4111700134,광교푸른숲도서관,경기도 수원시 영통구 광교호수로 131 (하동),4111761000,127.0666,37.2814,961580.2468335587,1920362.7285060824,400.0,1
4111005,장안힐스테이트(아),"경기도 수원시 장안구 장안로359번길 20 (이목동, 수원장안힐스테이트)",4111156000,126.9839139,37.3130802,954269.4790949665,1923914.1207370097,18.0,3
4111422,아주(아)경로당,"경기도 수원시 영통구 동수원로537번길 50 (원천동, 아주아파트)",4111755000,127.046853,37.275325,959826.4898491098,1919696.9752432876,18.0,1
4111008,파송경로당,경기도 수원시 장안구 파장로22번길 30 (파장동),4111156000,126.999,37.3055814,955601.8622801235,1923075.010008294,26.0,3
4111006,북수원아이파크(아),"경기도 수원시 장안구 경수대로 1110-15 (파장동, 북수원아이파크)",4111156000,126.9909252,37.3117533,954889.9637433725,1923763.5448376425,10.0,3
4111007,STX칸(아),경기도 수원시 장안구 장안로 395,4111156000,126.9833877,37.3143204,954223.6040717149,1924051.9636741788,25.0,3
4111119,창훈대경로당,경기도 수원시 장안구 창훈로39번길 4,4111160000,127.0301517,37.2961462,958357.3112480058,1922014.0943239662,19.0,3
4111246,매실경로당,경기도 수원시 권선구 칠보로129번길 16,4111366400,126.95334,37.2667657,951530.5951968516,1918791.218716302,10.0,3
4111700118,힐스테이트영통(아)경로당,경기도 수원시 영통구 덕영대로 1462-14,4111759600,127.0487027,37.2434342,959973.603249644,1916158.2564541372,31.0,3
4111111,조원주공뉴타운2단지(아)경로,경기도 수원시 장안구 금당로39번길 34,4111159800,127.018888,37.3030752,957362.9140650184,1922787.8171229959,30.0,3
4111112,조원주공뉴타운1단지(아)경로,경기도 수원시 장안구 금당로39번길 33,4111159800,127.0157652,37.3046156,957087.0389858553,1922960.1220631797,20.0,3
4111113,한일타운(아)제1경로당,경기도 수원시 장안구 경수대로976번길 22,4111159800,127.0081302,37.3060686,956411.2584189728,1923124.8110770688,46.0,3
4111114,한일타운(아)제2경로당,경기도 수원시 장안구 경수대로976번길 22,4111159800,127.0082063,37.306074,956418.005444349,1923125.37506697,46.0,3
4111115,스위첸(아)경로당,경기도 수원시 장안구 송원로 131-28,4111159800,127.0124356,37.3065571,956793.0783048593,1923177.0287962374,16.0,3
4111421,매원경로당,경기도 수원시 영통구 신원로276번길 36 (원천동),4111755000,127.0627239,37.2603276,961225.8343744904,1918026.5547028354,11.0,1
4111251,호매실벨섬시티14단지(아)경로당,경기도 수원시 권선구 호매실로218번길 22,4111366400,126.9577284,37.2626734,951917.0923844981,1918334.9817686419,39.0,3
4111300111,수원하늘채더퍼스트2단지(아)경로당,"경기도 수원시 권선구 망포로 13 (곡반정동, 수원 하늘채 더퍼스트 1단지)",4111369000,127.0354807,37.2429957,958800.6739456833,1916115.2819652846,54.0,3
4111700128,광교레이크파크한양수자인(아)경로당,경기도 수원시 영통구 광교호수로152번길 23,4111761000,127.0711175,37.2806364,961980.3290662814,1920276.1898436123,25.0,3
4111252,휴먼시아7단지(아)경로당,경기도 수원시 권선구 금곡로102번길 126,4111366400,126.9416873,37.269068,950498.9113564431,1919052.6680836228,66.0,3
4111420,광교가람호반베르디움경로당,"경기도 수원시 영통구 광교호수공원로 45 (원천동, 광교 호반베르디움)",4111755000,127.0567882,37.2729173,960706.0431985636,1919425.6938358985,40.0,3
4111220,"LG빌리지(아)3,4단지경로",경기도 수원시 권선구 금곡로73번길 71,4111366200,126.9344959,37.2747453,949865.0671157608,1919686.2934083277,24.0,3
4111240,한양수자인파크원(아)경로당,경기도 수원시 권선구 칠보로 102,4111366400,126.9505118,37.2654675,951278.9954528317,1918648.6494425626,33.0,3
4111221,일신건영(아)경로당,경기도 수원시 권선구 매곡로 68,4111366200,126.9551363,37.2705177,951692.2618279043,1919206.5455811135,9.0,3
4111222,호매실휴먼시아4단지경로당,경기도 수원시 권선구 금곡로 137,4111366200,126.9463072,37.2753003,950912.5706441245,1919741.6707779428,21.0,3
4111223,호매실휴먼시아8단지경로당,경기도 수원시 권선구 금곡로140번길 29,4111366200,126.9457187,37.2720239,950858.2673107871,1919378.4932100414,26.0,3
4111224,호매실역서희스타힐스(아)경로당,경기도 수원시 권선구 금곡로 46,4111366200,126.9396165,37.2724072,950317.5028475265,1919424.2035739312,33.0,3
4111700126,광교대학로경로당,경기도 수원시 영통구 대학4로 23 (이의동),4111760000,127.0470437,37.2996693,959856.331353543,1922397.6406086844,31.0,1
4111225,와이시티(아)경로당,경기도 수원시 권선구 금곡로 20,4111366200,126.939806,37.269169,950332.176557729,1919064.8589469367,20.0,3
4111423,원천레이크파크경로당,"경기도 수원시 영통구 중부대로448번길 28 (원천동, 원천 레이크파크아파트)",4111755000,127.0608732,37.2683965,961065.8823283445,1918922.4710090437,58.0,3
4111247,호매실휴먼시아16단지경로당,경기도 수원시 권선구 호매실로165번길 30,4111366400,126.9546649,37.2602214,951643.8837941318,1918064.5191523577,29.0,3
4111248,호매실휴먼시아15단지경로당,경기도 수원시 권선구 호매실로165번길 70,4111366400,126.952377,37.2602338,951441.0167435312,1918067.0663524647,22.0,3
4111117,동문밖경로당,경기도 수원시 장안구 경수대로754번길 59,4111160000,127.0237694,37.2931747,957789.9837943802,1921687.26658699,20.0,3
4111118,장수경로당,경기도 수원시 장안구 월드컵로418번길 31,4111160000,127.0274914,37.2943753,958120.5454984973,1921818.8059585607,17.0,3
4111700120,광교호반트라엘(아)경로당,경기도 수원시 영통구 대학로 98,4111760000,127.0492194,37.3036145,960051.2426750134,1922834.3988768926,29.0,3
4111300110,벽산한성(아)경로당,"경기도 수원시 권선구 권중로 99 (권선동, 벽산한성아파트)",4111368000,127.0309746,37.2496403,958404.6670695611,1916854.3969258494,20.0,3
4111191,여기산경로당,경기도 수원시 권선구 여기산로16번길 17,4111356000,126.9795704,37.2789227,953863.7407046568,1920126.7969161794,9.0,3
4111192,웃거리경로당,"경기도 수원시 권선구  서둔로269번길  12 , 웃거리경로당 (탑동)",4111356000,126.9782613,37.2752817,953745.45983425,1919723.504820529,44.0,3
4111234,삼익1차(아)경로당,경기도 수원시 권선구 금호로 45,4111366200,126.9566599,37.2698429,951826.9157143312,1919130.906632839,10.0,3
4111235,능실마을19단지(아)경로당,"경기도 수원시 권선구 호매실로166번길 63 (호매실동, 호매실스위첸)",4111366400,126.960851,37.259811,952192.1644898659,1918015.8464861284,35.0,3
4111424,원천먼내경로당,경기도 수원시 영통구 동탄원천로1109번길 22 (원천동),4111755000,127.0576411,37.2695727,960779.9245303216,1919054.2925807524,29.0,1
4111425,원천삼성1차경로당,"경기도 수원시 영통구  삼성로268번길  8   (원천동, 원천1차삼성아파트)",4111755000,127.0626198,37.2645396,961218.7633390772,1918493.8726203246,27.0,3
4111426,원천주공(아)경로당,"경기도 수원시 영통구 중부대로271번길 27-9 (원천동, 주공아파트)",4111755000,127.0465583,37.2770579,959801.2847262537,1919889.347262809,50.0,1
4111253,88경로당,경기도 수원시 권선구 효원로256번길 16 (권선동),4111367000,127.0285553,37.2614633,958196.6446876788,1918167.0952819479,26.0,3
4111254,권선경로당,경기도 수원시 권선구 권선로668번길 35-9,4111367000,127.024115,37.2581257,957801.0555562318,1917798.7955171717,64.0,3
4111255,장수경로당,경기도 수원시 권선구  권중로7번길  18   (권선동),4111367000,127.0340071,37.2563079,958677.246543711,1917592.765426939,20.0,3
4111300112,LH수원당수1단지(아)경로당,경기도 수원시 권선구 당수로 178 (당수동),4111370000,126.9443822,37.2861238,950748.9623930493,1920943.429622804,35.0,3
4111500076,신풍경로당,경기도 수원시 팔달구 화서문로16번길 70 (신풍동),4111574000,127.0099863,37.2831767,956562.5835836194,1920584.3324893496,71.0,3
4111418,광교2차e편한세상경로당,경기도 수원시 영통구  웰빙타운로  50   (이의동),4111760000,127.0465806,37.3067433,959819.0523383861,1923182.6259882404,25.0,3
4111249,두암경로당,경기도 수원시 권선구 칠보로241번길 11-3,4111366400,126.9588476,37.2696115,952020.7341382498,1919104.1235315076,40.0,3
4111419,광교에일린의뜰경로당,"경기도 수원시 영통구 광교호수공원로 155 (원천동, 수원광교에일린의뜰)",4111755000,127.0592746,37.2776747,960928.940681025,1919952.446640239,60.0,3
4111149,행복경로당,경기도 수원시 권선구 세권로94번길 36-17,4111354000,127.0136362,37.2564399,956870.8843673249,1917616.4982498745,35.0,3
4111150,세류3동분회경로당,경기도 수원시 권선구  정조로588번길  18-9  (세류동),4111354000,127.0144458,37.2606694,956945.084868394,1918085.346854373,19.0,3
4111241,자목경로당,경기도 수원시 권선구 칠보로88번길 90,4111366400,126.945287,37.2637752,950814.6280430177,1918463.609421951,14.0,3
4111242,능실마을22단지경로당,경기도 수원시 권선구 호매실로166번길 10,4111366400,126.959033,37.25832,952030.0105605037,1917851.3557635508,26.0,3
4111243,노림경로당,경기도 수원시 권선구 매실로 47-21,4111366400,126.9561659,37.2685831,951782.3134724131,1918991.3965093764,16.0,3
4111131,가는골경로당,경기도 수원시 권선구 덕영대로997번길 61,4111352000,127.007258,37.2585549,956306.504822955,1917854.0603235764,19.0,3
4111132,세류1동분회경로당,경기도 수원시 권선구 세류로38번길 13-8,4111352000,127.0088196,37.2626191,956447.319590662,1918304.219729127,17.0,3
4111244,호매실GS(아)경로당,경기도 수원시 권선구 매실로 70,4111366400,126.9593304,37.2676005,952062.2652574336,1918880.7792274975,44.0,3
4111002,노송경로당,경기도 수원시 장안구 경수대로1073번길 11 (파장동),4111156000,126.9948252,37.3084231,955233.5776980502,1923392.2375542275,10.0,3
4111003,이화경로당,경기도 수원시 장안구 장안로478번길 55 (이목동),4111156000,126.9750117,37.3207062,953485.34659343,1924764.496866912,25.0,3
4111004,이목경로당,경기도 수원시 장안구 장안로398번길 13 (이목동),4111156000,126.9846113,37.3157318,954332.8804252825,1924207.9529805586,41.0,3
4111133,수원역해모로(아)경로당,경기도 수원시 권선구 세류로 60,4111352000,127.009502,37.264439,956508.874549032,1918505.804284092,300.0,3
4111088,동성영화타운경로당,경기도 수원시 장안구 정조로 941,4111158000,127.0119128,37.2912728,956737.9952677223,1921481.628557414,13.0,3
4111089,영화동벽산(아)경로당,경기도 수원시 장안구 수성로402번길 45-2,4111158000,127.0176185,37.2932554,957244.849829105,1921698.9827834063,9.0,3
4111090,화성경로당,경기도 수원시 장안구 영화로7번길 22,4111158000,127.0091159,37.2876624,956488.0090740443,1921082.3747913563,34.0,3
4111313,매교경로당,경기도 수원시 팔달구 매산로126번길 46-14 (매교동),4111565000,127.0145032,37.2698608,956955.4065609343,1919105.0082264976,93.0,3
4111314,문화맨션경로당,"경기도 수원시 팔달구 정조로 659 (매교동, 문화맨션)",4111565000,127.0160079,37.2675043,957087.4781958126,1918842.896112598,11.0,3
4111315,연향예스빌(아)경로당,"경기도 수원시 팔달구 정조로 687 (매교동, 연향예스빌아파트)",4111565000,127.0171505,37.2698907,957190.1370459357,1919107.1241812771,17.0,3
4111316,건영캐스빌(아)경로당,경기도 수원시 팔달구 매산로130번길 15 (매교동),4111565000,127.0155197,37.271308,957046.353113611,1919265.0977361877,12.0,3
4111091,태영(아)경로당,경기도 수원시 장안구 영화로25번길 22,4111158000,127.0076024,37.2886722,956354.4347479622,1921195.0991768003,15.0,3
4111092,화홍경로당,경기도 수원시 장안구 수원천로407번길 1,4111158000,127.018635,37.289565,957332.8623102246,1921289.1115368607,51.0,3
4111040,남서울그린맨션경로당,경기도 수원시 장안구 만석로159번길 71 (정자동),4111157100,126.9953308,37.3046405,955276.1418217387,1922972.3559977952,13.0,3
4111204,강남(아)경로당,"경기도 수원시 권선구  수성로  18 , 강남아파트경로당 (구운동, 강남아파트)",4111365000,126.975968,37.281382,953545.8958612136,1920401.394176064,12.0,3
4111181,중보뜰경로당,"경기도 수원시 권선구  매송고색로804번길  67-27,  중보뜰경로당 (고색동)",4111355000,126.9924885,37.2517662,954992.7838107334,1917107.8485742793,18.0,3
4111182,영조(아)경로당,"경기도 수원시 권선구  서수원로  161-11  (오목천동, 영조아름다운나날1단지)",4111355000,126.969133,37.240954,952914.8252332967,1915919.7134991742,13.0,3
4111460,"살구골서광,성지,동아,진덕경로당","경기도 수원시 영통구 봉영로 1526 (영통동, 살구골 진덕,서광,성지,동아 아파트)",4111758500,127.0701027,37.2478554,961873.8462969171,1916639.9052318523,40.0,3
4111312,교동경로당,경기도 수원시 팔달구 향교로 136-3 (교동),4111565000,127.0150182,37.2729216,957002.8078875787,1919444.3373997551,48.0,3
4111162,고색1동경로당(고색큰말),"경기도 수원시 권선구  고산로27번길  23 , 고색2동경로당(고색큰말) (고색동)",4111355000,126.9805097,37.248622,953928.5557949019,1916764.7968638195,17.0,3
4111461,살구골현대(아)경로당,"경기도 수원시 영통구 매영로 366 (영통동, 현대아파트)",4111758500,127.071645,37.249747,962011.5780491104,1916849.136905324,21.0,1
4111300113,힐스테이트호매실(아)경로당,"경기도 수원시 권선구 호매실로166번길 33 (호매실동, 힐스테이트 호매실)",4111366400,126.9584584,37.2600416,951980.1507171065,1918042.6405323113,49.0,3
4111151,신성경로당,경기도 수원시 권선구 세권로 89-10,4111354000,127.0145117,37.2585484,956949.7212399157,1917850.0148412418,19.0,3
4111152,현대(아)경로당,경기도 수원시 권선구 세지로 97,4111354000,127.0172667,37.2604657,957195.1051829259,1918061.4688329166,9.0,3
4111153,세류3동성원(아)경로당,경기도 수원시 권선구 정조로 618,4111354000,127.0156764,37.2635902,957055.8633927938,1918408.8189963568,16.0,3
4111458,벽적골주공8단지2차(아)경로당,"경기도 수원시 영통구  영통로290번길  26   (영통동, 벽적골 1,2단지 주공아파트)",4111758500,127.0601184,37.2506989,960989.8334242986,1916959.427801665,20.0,3
4111459,벽적골주공9단지(아)경로당,"경기도 수원시 영통구 봉영로1517번길 27 (영통동, 벽적골9단지 주공아파트)",4111758000,127.0656931,37.2473173,961482.4977224043,1916581.9942455848,30.0,3
4111700123,광교아르테코경로당,경기도 수원시 영통구 광교로42번길 80,4111760000,127.0444954,37.2862279,959623.3016649275,1920907.5408953594,51.0,1
4111157,녹턴(아)경로당,경기도 수원시 권선구 세지로 35,4111354000,127.0153428,37.2553513,957021.6024801669,1917494.9535657533,6.0,3
4111158,버드내노인복지관,경기도 수원시 권선구 권선로564번길 36,4111354000,127.0120294,37.2610995,956731.0632285714,1918134.163950792,144.0,3
4111193,센트라우스(아)경로당,경기도 수원시 권선구 세화로168번길 15,4111356000,126.9954116,37.2680437,955261.6410683624,1918912.276856705,23.0,3
4111194,골말경로당,"경기도 수원시 권선구  상탑로21번길  35-9, 골말경로당 (탑동)",4111356000,126.9726338,37.2722674,953244.6881144152,1919391.8658396543,51.0,3
4111195,북탑경로당,"경기도 수원시 권선구  서둔로199번길  10 ,  북탑경로당 (탑동)",4111356000,126.9789936,37.269234,953806.6872304911,1919052.2176339629,55.0,3
4111196,청산경로당,"경기도 수원시 권선구  상탑로53번길  28-1,  청산경로당 (탑동)",4111356000,126.9769708,37.2729085,953629.5946048631,1919460.8546450923,22.0,3
4111082,연꽃마을벽산(아)경로당,경기도 수원시 장안구 정자천로189번길 40,4111157300,126.9959968,37.2985823,955331.5803504765,1922299.9440494464,21.0,3
4111083,청솔마을한라비발디(아)경로당,경기도 수원시 장안구 만석로20번길 28,4111157300,126.9839178,37.2940542,954258.302245711,1921803.3714858382,26.0,3
4111236,호매실마을13단지(아)경로당,"경기도 수원시 권선구 호매실로218번길 111 (호매실동, 호매실마을13단지)",4111366400,126.9586301,37.2649513,951998.492045483,1918587.2331319503,41.0,3
4111041,미도(아)경로당,경기도 수원시 장안구 대평로162번길 50,4111157100,126.9922778,37.3025662,955004.3467460413,1922743.6816211354,13.0,3
4111325,영광(아)경로당,"경기도 수원시 팔달구 덕영대로757번길 10 (화서동, 영광아파트)",4111568000,126.9938475,37.2794483,955129.7314180032,1920178.2387903973,12.0,3
4111326,서문경로당,경기도 수원시 팔달구 팔달로173번길 14-13 (화서동),4111568000,127.0060354,37.2842394,956212.9682253416,1920704.049866475,17.0,3
4111327,벽산블루밍푸른숲(아)경로당,"경기도 수원시 팔달구 화양로50번길 30 (화서동, 화서역 블루밍푸른숲아파트)",4111568000,127.0001936,37.2823593,955694.0216074222,1920498.1926517857,15.0,3
4111328,화서3단지(아)경로당,"경기도 수원시 팔달구 덕영대로697번길 47 (화서동, 화서3단지주공아파트)",4111569000,126.9923508,37.2859232,955000.90383338,1920897.2734456237,54.0,3
4111210,구운청구(아)경로당,경기도 수원시 권선구 수성로35번길 60,4111365000,126.978051,37.2857442,953733.2205048286,1920884.3148196517,19.0,3
4111190,서둔동남(아)경로당,경기도 수원시 권선구 여기산로 54 (동남아파트 5동),4111356000,126.980019,37.282952,953905.9668963099,1920573.587745538,11.0,3
4111086,서부경로당,경기도 수원시 장안구 영화로38번길 4,4111158000,127.0089703,37.2903211,956476.6344633721,1921377.3973500875,41.0,3
4111500095,수원역푸르지오자이제2경로당,"경기도 수원시 팔달구 고등로 15 (고등동, 수원역푸르지오자이)",4111567000,126.9990349,37.2738991,955586.3358471429,1919560.1647619077,100.0,3
4111211,군들경로당,경기도 수원시 권선구 구운로45번길 8-32,4111365000,126.9713101,37.2775667,953130.6159961766,1919980.4234917858,44.0,3
4111237,능실마을21단지(아)경로당,경기도 수원시 권선구 호매실로 103,4111366400,126.9595767,37.2541033,952075.552053888,1917383.2821875245,36.0,3
4111238,호매실엔루체(아)경로당,경기도 수원시 권선구 호매실로166번길 70,4111366400,126.9614366,37.2579075,952242.8899089656,1917804.3776037982,16.0,3
4111154,삼익(아)경로당,경기도 수원시 권선구 세지로 99,4111354000,127.0176154,37.2611714,957226.4243634444,1918139.600958823,14.0,3
4111155,유천경로당,경기도 수원시 권선구  권선로544번길  20   (세류동),4111354000,127.0105283,37.2622376,956598.6111008737,1918261.1113307397,26.0,3
4111156,세권경로당,경기도 수원시 권선구 세지로42번길 31-10,4111354000,127.0184031,37.2558324,957293.2568703009,1917546.9410449092,31.0,3
4111055,벽산3차(아)경로당,경기도 수원시 장안구 정자천로188번길 28,4111157200,126.9961834,37.2946996,955345.8231456171,1921869.109296051,34.0,3
4111500092,효원경로당,경기도 수원시 팔달구 세류로83번길 36-11 (매산로3가),4111566000,127.008833,37.2676196,956451.3873758743,1918858.9656461137,20.0,3
4111171,태산3차(아)경로당,"경기도 수원시 권선구  매송고색로533번길  7   (오목천동, 태산아파트)",4111355000,126.962103,37.2455792,952294.2108812082,1916436.3486401038,24.0,3
4111172,상송마을주공(아)경로당,"경기도 수원시 권선구  오목천로  15 , 경로당 (오목천동, 상송마을주공아파트)",4111355000,126.9639358,37.2404294,952453.527155919,1915864.1122891603,32.0,3
4111173,동남(아)경로당,경기도 수원시 권선구 권선로436번길 21,4111355000,127.0005895,37.2623508,955717.3993824375,1918278.2743890274,24.0,3
4111700141,광교자연앤힐스테이트(아)경로당,"경기도 수원시 영통구 도청로 65 (이의동, 자연앤 힐스테이트)",4111760000,127.0507157,37.2876773,960175.4465028938,1921065.6992399828,41.0,1
4111700122,광교에듀포레(아)경로당,경기도 수원시 영통구 에듀타운로 7,4111760000,127.0523993,37.2838672,960322.6811727405,1920642.3009365841,25.0,1
4111116,광교산임광그대가(아)경로당,경기도 수원시 장안구 수일로 205,4111159800,127.0127785,37.3077999,956824.1761949915,1923314.7484690521,33.0,3
4111108,보훈복지타운제5경로당,경기도 수원시 장안구 수일로336번길 9,4111159700,127.0227118,37.2991772,957699.6057070364,1922353.6555965126,25.0,3
4111110,보훈복지타운제7경로당,경기도 수원시 장안구 수일로336번길 9,4111159700,127.0239383,37.2993881,957808.4246184031,1922376.50479575,30.0,3
4111500112,우만삼성아파트경로당,"경기도 수원시 팔달구 아주로 17 (우만동, 삼성아파트)",4111572000,127.0432886,37.276439,959511.0846940329,1919822.0813399432,31.0,3
4111093,솔대경로당,경기도 수원시 장안구 수일로118번길 23,4111159100,127.0027408,37.3078214,955934.6778048932,1923321.7655755735,69.0,3
4111077,"신안,한일(아)경로당","경기도 수원시 장안구  하률로30번길  22   (천천동, 신안한일)",4111156600,126.9751042,37.3026258,953482.4034194126,1922758.6055060923,34.0,3
4111094,동진(아)경로당,경기도 수원시 장안구 정조로1060번길 5,4111159100,127.0049435,37.3011091,956125.9749389038,1922576.0779906872,8.0,3
4111500090,힐스테이트푸르지오수원(아)제2경로당,"경기도 수원시 팔달구 효원로93번길 33 (매교동, 힐스테이트 푸르지오 수원)",4111565000,127.0121884,37.2688619,956749.6015724692,1918995.2465256865,20.0,3
4111084,서문경로당(영화동),경기도 수원시 장안구 장안로 33  (영화동),4111158000,127.0046605,37.2876652,956093.0811929943,1921084.744604446,50.0,3
4111462,"신나무실신성신안,쌍용,진흥경로당","경기도 수원시 영통구 매영로310번길 12 (영통동, 신성.신안.쌍용.진흥아파트)",4111758500,127.0655698,37.2545081,961475.2238789917,1917379.7832796879,32.0,3
4111500101,꽃뫼버들마을진흥(아)경로당,"경기도 수원시 팔달구 화산로 57 (화서동, 꽃뫼버들마을 진흥아파트)",4111569000,126.9840038,37.2890516,954262.896398007,1921248.3417972582,30.0,3
4111161,고색2동경로당(작은마을),"경기도 수원시 권선구  고색로78번길  5 , 고색2동경로당(작은마을) (고색동)",4111355000,126.9854551,37.250915,954368.5288661593,1917016.7847656882,12.0,3
4111076,"삼호,진덕(아)경로당","경기도 수원시 장안구  하률로46번길  22   (천천동, 삼호진덕아파트)",4111156600,126.9776443,37.3026803,953707.5486044199,1922763.4049382175,23.0,3
4111009,파장경로당,경기도 수원시 장안구 파장천로 51 (파장동),4111156000,126.9961636,37.3098802,955353.0433934149,1923553.2555233447,9.0,3
4111159,꿈에그린(아)경로당,경기도 수원시 권선구 서수원로 99,4111355000,126.975602,37.235323,953485.1367065063,1915291.818446374,37.0,3
4111160,평동경로당,경기도 수원시 권선구 평동로68번길 38  (평동),4111355000,126.9941425,37.2562245,955142.1086222049,1917601.6635217858,16.0,3
4111463,"신나무실신명,동보(아)경로당",경기도 수원시 영통구 매영로310번길 87 (영통동),4111758500,127.0653605,37.2509555,961454.8534638493,1916985.7471237273,38.0,3
4111205,삼환(아)경로당,경기도 수원시 권선구 수성로 47,4111365000,126.9785724,37.2839903,953778.3662350256,1920689.4825109362,34.0,3
4111206,선경(아)경로당,경기도 수원시 권선구 여기산로 19,4111365000,126.9776073,37.2791677,953689.8600391968,1920154.9364400553,8.0,3
4111464,신나무주공5단지1차경로당,"경기도 수원시 영통구 영통로290번길 25 (영통동, 신나무실주공아파트)",4111758500,127.0631611,37.2522536,961260.4676287266,1917130.6547484747,42.0,3
4111483,영통뜨란채(아)경로당,"경기도 수원시 영통구  영통로200번길  156   (망포동, 방죽마을영통뜨란채)",4111759300,127.0653008,37.2427493,961445.3784951709,1916075.3859173418,23.0,3
4111484,그대가프리미어(아)경로당,"경기도 수원시 영통구 덕영대로1484번길 21 (망포동, 그대가 프리미어)",4111759600,127.0545995,37.2442171,960497.0129028582,1916242.6335009888,27.0,3
4111087,영화경로당,경기도 수원시 장안구 팔달로291번길 21-20 (영화동),4111158000,127.014648,37.2911813,956980.3814000338,1921470.2297662462,57.0,3
4111480,LG동수원자이(아)경로당,"경기도 수원시 영통구 영통로 111 (망포동, 엘지동수원자이아파트)",4111759300,127.0573139,37.2374524,960734.247835836,1915491.0375122353,24.0,3
4111481,망포벽산e빌리지(아)경로당,"경기도 수원시 영통구  동탄지성로488번길  22   (망포동, 망포마을 벽산 이빌리지)",4111759600,127.0471063,37.2362659,959828.2107118493,1915363.690819369,32.0,3
4111100102,일월도서관,경기도 수원시 장안구 일월천로 77 (천천동),4111156600,126.9769,37.28628,953631.5211813711,1920944.3200838675,450.0,1
4111245,쌍용(아)경로당,경기도 수원시 권선구 매실로19번길 19,4111366400,126.9523615,37.2680313,951444.6488062616,1918932.125615743,21.0,3
